
--
-- Dumping data for table `carriers`
--

INSERT INTO `carriers` (`id`, `name`) VALUES
(1, 'Новая почта'),
(2, 'Деливери'),
(3, 'Свой способ доставки');

-- --------------------------------------------------------

--
-- Dumping data for table `cities`
--

INSERT INTO `cities` (`id`, `carriers_id`, `name`) VALUES
(1, 1, 'Авангард'),
(2, 1, 'Агрономичное'),
(3, 1, 'Акимовка (Запорожская обл.)'),
(4, 1, 'Александрия (г.Кировогр.обл.райц)'),
(5, 1, 'Александровка (Донецк)'),
(6, 1, 'Александровка (Николаевская обл.)'),
(7, 1, 'Александровка (пгт.Кировог.обл.райц)'),
(8, 1, 'Ананьев'),
(9, 1, 'Андреевка (Харьков)'),
(10, 1, 'Андрушевка'),
(11, 1, 'Антонины'),
(12, 1, 'Апостолово'),
(13, 1, 'Арбузинка'),
(14, 1, 'Артемовка (Полтавська обл.)'),
(15, 1, 'Артемовск (Донецкая обл.)'),
(16, 1, 'Арциз'),
(17, 1, 'Аскания-Нова'),
(18, 1, 'Аулы'),
(19, 1, 'Ахтырка'),
(20, 1, 'Бабанка'),
(21, 1, 'Балабино'),
(22, 1, 'Балаклея (Харьков)'),
(23, 1, 'Балаклея (Черкассы)'),
(24, 1, 'Балта'),
(25, 1, 'Бар'),
(26, 1, 'Барановка'),
(27, 1, 'Барвенково'),
(28, 1, 'Барышевка'),
(29, 1, 'Бахмач'),
(30, 1, 'Баштанка'),
(31, 1, 'Безлюдовка'),
(32, 1, 'Белая'),
(33, 1, 'Белая Криница'),
(34, 1, 'Белая Церковь'),
(35, 1, 'Белгород-Днестровский'),
(36, 1, 'Белики'),
(37, 1, 'Белицкое'),
(38, 1, 'Белки'),
(39, 1, 'Беловодск'),
(40, 1, 'Белогородка'),
(41, 1, 'Белогорье'),
(42, 1, 'Белозерка (Херсонская обл.)'),
(43, 1, 'Белозёрское (Донецкая обл.)'),
(44, 1, 'Белозерье'),
(45, 1, 'Белокуракино'),
(46, 1, 'Белолуцк'),
(47, 1, 'Белополье'),
(48, 1, 'Беляевка'),
(49, 1, 'Бердичев'),
(50, 1, 'Бердянск'),
(51, 1, 'Берегово'),
(52, 1, 'Берегомет'),
(53, 1, 'Бережаны'),
(54, 1, 'Березанка'),
(55, 1, 'Березань'),
(56, 1, 'Березна (Черниговская обл.)'),
(57, 1, 'Березнеговатое'),
(58, 1, 'Березно'),
(59, 1, 'Березовка'),
(60, 1, 'Берестечко'),
(61, 1, 'Берислав (Херсонская обл.)'),
(62, 1, 'Бершадь'),
(63, 1, 'Благовещенка'),
(64, 1, 'Близнецы'),
(65, 1, 'Бобринец'),
(66, 1, 'Бобрка'),
(67, 1, 'Бобровица'),
(68, 1, 'Богдановка (Кировоградская обл.)'),
(69, 1, 'Богодухов'),
(70, 1, 'Богородчаны'),
(71, 1, 'Богуслав (Днепропетровская обл.)'),
(72, 1, 'Богуслав (Киевская обл.)'),
(73, 1, 'Болград (Измаил)'),
(74, 1, 'Болехов'),
(75, 1, 'Борзна'),
(76, 1, 'Борислав (Львовская обл.)'),
(77, 1, 'Борисполь'),
(78, 1, 'Боровая (Киев)'),
(79, 1, 'Боровая (Харьков)'),
(80, 1, 'Бородянка'),
(81, 1, 'Борщев'),
(82, 1, 'Бояны'),
(83, 1, 'Боярка'),
(84, 1, 'Браилов'),
(85, 1, 'Братское'),
(86, 1, 'Брацлав'),
(87, 1, 'Брилевка'),
(88, 1, 'Бровары'),
(89, 1, 'Броды'),
(90, 1, 'Брошнев-Осада'),
(91, 1, 'Брусилов'),
(92, 1, 'Брюховичи'),
(93, 1, 'Буки'),
(94, 1, 'Бурштын'),
(95, 1, 'Бурынь'),
(96, 1, 'Буск'),
(97, 1, 'Буча'),
(98, 1, 'Бучач'),
(99, 1, 'Буштыно'),
(100, 1, 'Валки'),
(101, 1, 'Вапнярка'),
(102, 1, 'Варва'),
(103, 1, 'Васильевка (Запорожская обл.)'),
(104, 1, 'Васильков'),
(105, 1, 'Васильковка (Днепропетровская обл.)'),
(106, 1, 'Ватутино'),
(107, 1, 'Вашковцы (Вижницкий р-н)'),
(108, 1, 'Великая Александровка (Херсонская обл.)'),
(109, 1, 'Великая Багачка'),
(110, 1, 'Великая Белозерка'),
(111, 1, 'Великая Виска'),
(112, 1, 'Великая Дымерка'),
(113, 1, 'Великая Лепетиха'),
(114, 1, 'Великая Михайловка'),
(115, 1, 'Великая Новоселка'),
(116, 1, 'Великая Писаревка'),
(117, 1, 'Великие Гаи'),
(118, 1, 'Великие Копани'),
(119, 1, 'Великие Крынки (Глобинский р-н)'),
(120, 1, 'Великие Лучки'),
(121, 1, 'Великие Мосты'),
(122, 1, 'Великие Сорочинцы'),
(123, 1, 'Великий Березный'),
(124, 1, 'Великий Бурлук'),
(125, 1, 'Великий Бычков'),
(126, 1, 'Великий Любень'),
(127, 1, 'Великодолинское'),
(128, 1, 'Вендичаны'),
(129, 1, 'Верхнеднепровск'),
(130, 1, 'Верхний Рогачик'),
(131, 1, 'Верхняя Сироватка'),
(132, 1, 'Верховина'),
(133, 1, 'Верховцево'),
(134, 1, 'Веселиново'),
(135, 1, 'Веселое'),
(136, 1, 'Вижница'),
(137, 1, 'Вийтовка'),
(138, 1, 'Вилково'),
(139, 1, 'Вильшана (Черкаская обл.)'),
(140, 1, 'Винники'),
(141, 1, 'Винница'),
(142, 1, 'Винницкие Хутора'),
(143, 1, 'Виноградов'),
(144, 1, 'Виньковцы'),
(145, 1, 'Вишенки'),
(146, 1, 'Вишневец'),
(147, 1, 'Вишневое'),
(148, 1, 'Владимир-Волынский'),
(149, 1, 'Владимирец'),
(150, 1, 'Владимировка (Донецкая обл.)'),
(151, 1, 'Власовка'),
(152, 1, 'Водяное (Каменско-Днепровский р-н)'),
(153, 1, 'Вознесенск'),
(154, 1, 'Войтовцы (Хмельницкая обл.)'),
(155, 1, 'Волноваха'),
(156, 1, 'Воловец'),
(157, 1, 'Володарка'),
(158, 1, 'Володарск-Волынский'),
(159, 1, 'Володарское'),
(160, 1, 'Волока'),
(161, 1, 'Волочиск'),
(162, 1, 'Волчанск'),
(163, 1, 'Вольногорск'),
(164, 1, 'Вольнянск'),
(165, 1, 'Ворзель'),
(166, 1, 'Ворожба (Белопольский р-н)'),
(167, 1, 'Ворожба (Лебединский р-н)'),
(168, 1, 'Воронеж'),
(169, 1, 'Вороновица'),
(170, 1, 'Врадиевка'),
(171, 1, 'Выгода (Ивано-Франковская обл)'),
(172, 1, 'Выгода (Одесская обл)'),
(173, 1, 'Выришальное (Лохвицкий р-н)'),
(174, 1, 'Высокий'),
(175, 1, 'Высокополье'),
(176, 1, 'Вышгород'),
(177, 1, 'Вышково'),
(178, 1, 'Гавришовка'),
(179, 1, 'Гадяч'),
(180, 1, 'Гайворон'),
(181, 1, 'Гайсин'),
(182, 1, 'Галич'),
(183, 1, 'Гвардейское (Днепропетровск)'),
(184, 1, 'Гвоздец'),
(185, 1, 'Геническ'),
(186, 1, 'Геронимовка'),
(187, 1, 'Герца'),
(188, 1, 'Глеваха'),
(189, 1, 'Глобино'),
(190, 1, 'Глухов (Сумская обл.)'),
(191, 1, 'Глуховцы'),
(192, 1, 'Глыбокая'),
(193, 1, 'Гнивань'),
(194, 1, 'Гоголево'),
(195, 1, 'Голая Пристань'),
(196, 1, 'Голобы'),
(197, 1, 'Голованевск'),
(198, 1, 'Головно'),
(199, 1, 'Голубовка'),
(200, 1, 'Гончаровское'),
(201, 1, 'Горинчово'),
(202, 1, 'Горностаевка'),
(203, 1, 'Горняк'),
(204, 1, 'Городенка'),
(205, 1, 'Городец'),
(206, 1, 'Городище (Черкасы)'),
(207, 1, 'Городковка'),
(208, 1, 'Городня'),
(209, 1, 'Городок(Львов)'),
(210, 1, 'Городок(Хмельницкий)'),
(211, 1, 'Горохов'),
(212, 1, 'Горское'),
(213, 1, 'Гоща'),
(214, 1, 'Градижск'),
(215, 1, 'Гребенка (Полтавская обл.)'),
(216, 1, 'Гребенки'),
(217, 1, 'Грицев'),
(218, 1, 'Губиниха'),
(219, 1, 'Гуляйполе'),
(220, 1, 'Гусятин'),
(221, 1, 'Давыдов'),
(222, 1, 'Дачное'),
(223, 1, 'Дашев'),
(224, 1, 'Двуречная'),
(225, 1, 'Деловое'),
(226, 1, 'Демидов'),
(227, 1, 'Демидовка'),
(228, 1, 'Деражня'),
(229, 1, 'Десна (Черниговская обл.)'),
(230, 1, 'Джулинка (Бершадской р-н)'),
(231, 1, 'Джурин (Шаргородский р-н)'),
(232, 1, 'Дзержинск'),
(233, 1, 'Диканька'),
(234, 1, 'Димитров (Донецкая обл.)'),
(235, 1, 'Дмитровка (Знамянcкий р-н Кировоградская обл.)'),
(236, 1, 'Дмитровка (Черниговская обл.)'),
(237, 1, 'Днепровка (Запорожская обл.)'),
(238, 1, 'Днепровское'),
(239, 1, 'Днепродзержинск'),
(240, 1, 'Днепропетровск'),
(241, 1, 'Днепрорудное'),
(242, 1, 'Добровеличковка'),
(243, 1, 'Добромиль'),
(244, 1, 'Доброполье'),
(245, 1, 'Добротвор'),
(246, 1, 'Долгое (Закарпатская обл.)'),
(247, 1, 'Долина'),
(248, 1, 'Долинская'),
(249, 1, 'Доманевка'),
(250, 1, 'Драбов'),
(251, 1, 'Драгово'),
(252, 1, 'Дрогобыч'),
(253, 1, 'Дружба (Сумська обл.)'),
(254, 1, 'Дружковка'),
(255, 1, 'Дубляны (Львов.обл.,Жовков.р-н)'),
(256, 1, 'Дубно'),
(257, 1, 'Дубовое'),
(258, 1, 'Дубровица (Ровенская обл.'),
(259, 1, 'Дударков'),
(260, 1, 'Дунаевцы'),
(261, 1, 'Дымер'),
(262, 1, 'Еланец'),
(263, 1, 'Емильчино'),
(264, 1, 'Ерки'),
(265, 1, 'Жашков'),
(266, 1, 'Желтые Воды'),
(267, 1, 'Жеребково'),
(268, 1, 'Жидачов'),
(269, 1, 'Житомир'),
(270, 1, 'Жмеринка'),
(271, 1, 'Жовква'),
(272, 1, 'Жовтневое (Сумская обл.)'),
(273, 1, 'Журавно'),
(274, 1, 'Заболотов (Снятинский р-н)'),
(275, 1, 'Заболотье (Волынская обл.)'),
(276, 1, 'Завалье (Кировоград обл.)'),
(277, 1, 'Заводское'),
(278, 1, 'Загнитков'),
(279, 1, 'Залещики'),
(280, 1, 'Запорожье'),
(281, 1, 'Зарванцы'),
(282, 1, 'Заречное'),
(283, 1, 'Заречье'),
(284, 1, 'Заря (Ровенская обл.)'),
(285, 1, 'Заставна'),
(286, 1, 'Засулье'),
(287, 1, 'Зачепиловка'),
(288, 1, 'Збараж'),
(289, 1, 'Зборов'),
(290, 1, 'Звенигородка'),
(291, 1, 'Згуровка'),
(292, 1, 'Здолбунов'),
(293, 1, 'Зеленогорское'),
(294, 1, 'Зеленодольск'),
(295, 1, 'Зеньков'),
(296, 1, 'Зимняя Вода'),
(297, 1, 'Змиев'),
(298, 1, 'Знаменка'),
(299, 1, 'Знамянка Вторая'),
(300, 1, 'Знобь- Новгородское'),
(301, 1, 'Золотоноша'),
(302, 1, 'Золочев (Львовская обл.)'),
(303, 1, 'Золочев (Харьковськая обл.)'),
(304, 1, 'Иваничи (Волынская обл.)'),
(305, 1, 'Иванков (Иванковский р-н)'),
(306, 1, 'Ивано-Франково'),
(307, 1, 'Ивано-Франковск'),
(308, 1, 'Ивановка (Одесса)'),
(309, 1, 'Ивановка (Херсонская обл.)'),
(310, 1, 'Измаил'),
(311, 1, 'Изюм'),
(312, 1, 'Изяслав'),
(313, 1, 'Илларионово'),
(314, 1, 'Ильинцы'),
(315, 1, 'Ильичевск'),
(316, 1, 'Ирклиев'),
(317, 1, 'Ирпень'),
(318, 1, 'Иршава'),
(319, 1, 'Иршанск'),
(320, 1, 'Ичня'),
(321, 1, 'Кагарлык'),
(322, 1, 'Казанка'),
(323, 1, 'Казатин'),
(324, 1, 'Каланчак'),
(325, 1, 'Калиновка (Броварской р-н)'),
(326, 1, 'Калиновка(Васильковский район)'),
(327, 1, 'Калиновка(Винница)'),
(328, 1, 'Калуш'),
(329, 1, 'Каменец-Подольский'),
(330, 1, 'Каменка (Черкассы)'),
(331, 1, 'Каменка (Черновцы)'),
(332, 1, 'Каменка-Бугская'),
(333, 1, 'Каменка-Днепровская (Запорожье)'),
(334, 1, 'Камень-Каширский'),
(335, 1, 'Камышеваха'),
(336, 1, 'Канев'),
(337, 1, 'Карловка'),
(338, 1, 'Карнауховка(Днепропетровская обл.)'),
(339, 1, 'Катеринополь'),
(340, 1, 'Каховка'),
(341, 1, 'Квасилов (Ровенская обл.)'),
(342, 1, 'Кегичевка'),
(343, 1, 'Кельменцы'),
(344, 1, 'Киверцы'),
(345, 1, 'Киев'),
(346, 1, 'Килия'),
(347, 1, 'Кирилловка(Акимовский р-н)'),
(348, 1, 'Кирнасовка'),
(349, 1, 'Кировоград'),
(350, 1, 'Кировское (Днепропетровск)'),
(351, 1, 'Кицмань'),
(352, 1, 'Клавдиево-Тарасово'),
(353, 1, 'Клевань'),
(354, 1, 'Клесов'),
(355, 1, 'Клишковцы'),
(356, 1, 'Княжичи'),
(357, 1, 'Кобеляки'),
(358, 1, 'Коблево'),
(359, 1, 'Ковель'),
(360, 1, 'Ковшаровка'),
(361, 1, 'Кодыма'),
(362, 1, 'Козацкое (Херсонская обл.)'),
(363, 1, 'Козачья Лопань'),
(364, 1, 'Козелец'),
(365, 1, 'Козельщина'),
(366, 1, 'Козин (Киевская обл.)'),
(367, 1, 'Козова'),
(368, 1, 'Козын (Ровенская обл.)'),
(369, 1, 'Колки'),
(370, 1, 'Коломак'),
(371, 1, 'Коломыя'),
(372, 1, 'Комарно'),
(373, 1, 'Коминтерновское'),
(374, 1, 'Компанеевка'),
(375, 1, 'Комсомольск'),
(376, 1, 'Комсомольское (Винницкая обл.)'),
(377, 1, 'Комсомольское (Харьков)'),
(378, 1, 'Конецполь'),
(379, 1, 'Конотоп'),
(380, 1, 'Константиновка (Донецкая обл.)'),
(381, 1, 'Констянтиновка(Мелитоп.р-н,Запорож.обл)'),
(382, 1, 'Копашново'),
(383, 1, 'Копычинцы (Гусятинский р-н)'),
(384, 1, 'Корец'),
(385, 1, 'Корнын (Житомирская обл.)'),
(386, 1, 'Королево'),
(387, 1, 'Короп'),
(388, 1, 'Коростень'),
(389, 1, 'Коростышев'),
(390, 1, 'Корсунь-Шевченковский'),
(391, 1, 'Корюковка'),
(392, 1, 'Косов'),
(393, 1, 'Косонь (Косино)'),
(394, 1, 'Костополь'),
(395, 1, 'Котельва'),
(396, 1, 'Котовск'),
(397, 1, 'Коцюбинское'),
(398, 1, 'Краковец'),
(399, 1, 'Краматорск'),
(400, 1, 'Красилов'),
(401, 1, 'Красноармейск'),
(402, 1, 'Красноград (Харьковская обл)'),
(403, 1, 'Красное (Львовская обл.)'),
(404, 1, 'Краснокутск'),
(405, 1, 'Краснопавловка'),
(406, 1, 'Краснополье (Сумская обл.)'),
(407, 1, 'Краснореченское'),
(408, 1, 'Красные Окны'),
(409, 1, 'Красный Лиман'),
(410, 1, 'Кременец'),
(411, 1, 'Кременная'),
(412, 1, 'Кременчуг'),
(413, 1, 'Кривое Озеро'),
(414, 1, 'Кривой Рог'),
(415, 1, 'Кринички'),
(416, 1, 'Кролевец'),
(417, 1, 'Крыжополь'),
(418, 1, 'Крюковщина'),
(419, 1, 'Кузнецовск'),
(420, 1, 'Куйбышево (Запорожская обл.)'),
(421, 1, 'Куликов'),
(422, 1, 'Куликовка'),
(423, 1, 'Купянск'),
(424, 1, 'Купянск-Узловой'),
(425, 1, 'Курахово'),
(426, 1, 'Кучурган'),
(427, 1, 'Ладан'),
(428, 1, 'Ладыжин'),
(429, 1, 'Ладыжинка'),
(430, 1, 'Лазорки (Оржицкий р-н)'),
(431, 1, 'Лазурное (Херсонская обл.)'),
(432, 1, 'Лановцы'),
(433, 1, 'Ланчин'),
(434, 1, 'Лебедин (Сумская обл.)'),
(435, 1, 'Лебедин (Черкаская обл., Шполянский р-н)'),
(436, 1, 'Летава'),
(437, 1, 'Летичев'),
(438, 1, 'Лешня'),
(439, 1, 'Лиманское (Раздельнянский р-н)'),
(440, 1, 'Липовая Долина'),
(441, 1, 'Липовец'),
(442, 1, 'Лисичанск'),
(443, 1, 'Литин'),
(444, 1, 'Лозоватка'),
(445, 1, 'Лозовая'),
(446, 1, 'Локачи'),
(447, 1, 'Лопатин (Львовская обл.)'),
(448, 1, 'Лохвица'),
(449, 1, 'Лубны'),
(450, 1, 'Лугины'),
(451, 1, 'Лужаны'),
(452, 1, 'Лука-Мелешковская'),
(453, 1, 'Луков'),
(454, 1, 'Луцк'),
(455, 1, 'Лысая Гора'),
(456, 1, 'Лысянка'),
(457, 1, 'Львов'),
(458, 1, 'Любар'),
(459, 1, 'Любашевка'),
(460, 1, 'Любешов'),
(461, 1, 'Люблинец'),
(462, 1, 'Любомль'),
(463, 1, 'Люботин'),
(464, 1, 'Лютенька'),
(465, 1, 'Магдалиновка'),
(466, 1, 'Майское'),
(467, 1, 'Макаров'),
(468, 1, 'Малая Белозерка'),
(469, 1, 'Малая Виска'),
(470, 1, 'Малехов'),
(471, 1, 'Малин'),
(472, 1, 'Малиновка (Харьковская обл.)'),
(473, 1, 'Мамаевцы'),
(474, 1, 'Мангуш'),
(475, 1, 'Маневичи'),
(476, 1, 'Маньковка'),
(477, 1, 'Марганец'),
(478, 1, 'Мариуполь'),
(479, 1, 'Марковка'),
(480, 1, 'Марьянское'),
(481, 1, 'Машевка'),
(482, 1, 'Медвежье Ушко'),
(483, 1, 'Меденичи'),
(484, 1, 'Меджибож'),
(485, 1, 'Межгорье'),
(486, 1, 'Межевая'),
(487, 1, 'Мелиоративное (Новомосковский р-н)'),
(488, 1, 'Мелитополь'),
(489, 1, 'Меловое'),
(490, 1, 'Мельница-Подольская (Тернопольская обл.)'),
(491, 1, 'Мена'),
(492, 1, 'Мерефа'),
(493, 1, 'Мешково-Погорелово'),
(494, 1, 'Мизоч'),
(495, 1, 'Микулинцы'),
(496, 1, 'Милая'),
(497, 1, 'Минай'),
(498, 1, 'Миргород'),
(499, 1, 'Мироновка'),
(500, 1, 'Михайловка (Михайловский р-н. Запорожская обл.)'),
(501, 1, 'Михайловка (Черкаська обл.)'),
(502, 1, 'Млинов'),
(503, 1, 'Могилев'),
(504, 1, 'Могилев - Подольский'),
(505, 1, 'Молочанск'),
(506, 1, 'Монастыриска'),
(507, 1, 'Монастырище'),
(508, 1, 'Моршин'),
(509, 1, 'Мостиска'),
(510, 1, 'Мостки (Сватовский р-н)'),
(511, 1, 'Мошны'),
(512, 1, 'Мукачево'),
(513, 1, 'Мурованые Куриловцы'),
(514, 1, 'Надворная'),
(515, 1, 'Народичи'),
(516, 1, 'Недобоивцы'),
(517, 1, 'Недригайлов (Сумская обл.)'),
(518, 1, 'Нежин'),
(519, 1, 'Немешаево'),
(520, 1, 'Немиров (Винница)'),
(521, 1, 'Неполоковцы'),
(522, 1, 'Нересница (Тячевский р-н)'),
(523, 1, 'Нерубайское'),
(524, 1, 'Нетешин'),
(525, 1, 'Нехвороща'),
(526, 1, 'Нива Трудовая'),
(527, 1, 'Нижние Серогозы'),
(528, 1, 'Низы'),
(529, 1, 'Николаев'),
(530, 1, 'Николаев(Львов)'),
(531, 1, 'Николаевка (Днепропетровская обл.)'),
(532, 1, 'Николаевка (Донецк)'),
(533, 1, 'Никополь (Днепропетровская обл.)'),
(534, 1, 'Новая Басань'),
(535, 1, 'Новая Боровая'),
(536, 1, 'Новая Водолага'),
(537, 1, 'Новая Галещина (Козельщенский р-н)'),
(538, 1, 'Новая Збурьевка'),
(539, 1, 'Новая Каховка'),
(540, 1, 'Новая Одесса'),
(541, 1, 'Новая Прага'),
(542, 1, 'Новая Ушица'),
(543, 1, 'Новгород-Северский'),
(544, 1, 'Новгородка'),
(545, 1, 'Новгородское (Донецкая обл.)'),
(546, 1, 'Новоайдар'),
(547, 1, 'Новоалександровка (Херсонская обл.)'),
(548, 1, 'Новоалексеевка (Херсонская обл.)'),
(549, 1, 'Новоархангельск'),
(550, 1, 'Нововодяное'),
(551, 1, 'Нововолынск'),
(552, 1, 'Нововоронцовка'),
(553, 1, 'Новоград-Волынский'),
(554, 1, 'Новогродовка'),
(555, 1, 'Новоднестровск'),
(556, 1, 'Новое'),
(557, 1, 'Новомиргород'),
(558, 1, 'Новомосковск'),
(559, 1, 'Новониколаевка (Запорожская обл.)'),
(560, 1, 'Новопокровка (Харьковская обл.)'),
(561, 1, 'Новопсков'),
(562, 1, 'Новоселица'),
(563, 1, 'Новоселки (Киево-Святошинский р-н)'),
(564, 1, 'Новотроицкое (Херсонская обл.)'),
(565, 1, 'Новоукраинка'),
(566, 1, 'Новояворовск'),
(567, 1, 'Новые Белокоровичи'),
(568, 1, 'Новые Петровцы'),
(569, 1, 'Новые Санжары'),
(570, 1, 'Новый Буг'),
(571, 1, 'Новый Калинов'),
(572, 1, 'Новый Роздол'),
(573, 1, 'Новый Ярычев'),
(574, 1, 'Носовка'),
(575, 1, 'Обертин'),
(576, 1, 'Оболонь (Семеновский р-н)'),
(577, 1, 'Обухов'),
(578, 1, 'Овидиополь'),
(579, 1, 'Овруч'),
(580, 1, 'Одесса'),
(581, 1, 'Оженин'),
(582, 1, 'Олевск'),
(583, 1, 'Ольгополь'),
(584, 1, 'Ольшани (Харьковская обл.)'),
(585, 1, 'Ольшанка (Кировоградская обл.)'),
(586, 1, 'Оноковцы (ст. Доманинцы)'),
(587, 1, 'Онуфриевка'),
(588, 1, 'Опошня'),
(589, 1, 'Оратов'),
(590, 1, 'Орджоникидзе'),
(591, 1, 'Орехов'),
(592, 1, 'Оржев'),
(593, 1, 'Оржица'),
(594, 1, 'Орловщина'),
(595, 1, 'Остер'),
(596, 1, 'Остров (Львовская обл.)'),
(597, 1, 'Острог'),
(598, 1, 'Отыния'),
(599, 1, 'Очаков'),
(600, 1, 'Павлоград'),
(601, 1, 'Павлыш'),
(602, 1, 'Пантаевка'),
(603, 1, 'Парафиевка'),
(604, 1, 'Партизанское (Днепропетров.р-н)'),
(605, 1, 'Партизаны'),
(606, 1, 'Первомайск(Никол.обл.Первомайс.р-н)'),
(607, 1, 'Первомайский (Харьковская обл.)'),
(608, 1, 'Первомайское(пгт-Никол.обл.Жовтнев.р-н)'),
(609, 1, 'Перегинское'),
(610, 1, 'Перемышляны'),
(611, 1, 'Пересадовка'),
(612, 1, 'Перечин'),
(613, 1, 'Перещепино'),
(614, 1, 'Переяслав-Хмельницкий'),
(615, 1, 'Першотравенск (Днепропетровская обл)'),
(616, 1, 'Першотравенск (Житомирская обл.)'),
(617, 1, 'Песковка'),
(618, 1, 'Песочин'),
(619, 1, 'Песчаная (Одесская обл.)'),
(620, 1, 'Песчанка (Винницкая обл.)'),
(621, 1, 'Песчаный Брод'),
(622, 1, 'Петриковка'),
(623, 1, 'Петровка - Роменская'),
(624, 1, 'Петрово'),
(625, 1, 'Петровское (Киево-Свят. р-н)'),
(626, 1, 'Петропавловка'),
(627, 1, 'Печенеги'),
(628, 1, 'Печенежин'),
(629, 1, 'Пирятин'),
(630, 1, 'Побугское'),
(631, 1, 'Погребище'),
(632, 1, 'Подволочиск'),
(633, 1, 'Подгайцы'),
(634, 1, 'Подгородное'),
(635, 1, 'Покотиловка'),
(636, 1, 'Покровское'),
(637, 1, 'Полигон'),
(638, 1, 'Пологи'),
(639, 1, 'Полонное'),
(640, 1, 'Полтава'),
(641, 1, 'Поляна (Закарпатская обл.)'),
(642, 1, 'Поляница (Буковель)'),
(643, 1, 'Помошная'),
(644, 1, 'Понинка'),
(645, 1, 'Попасная'),
(646, 1, 'Попельня'),
(647, 1, 'Почаев'),
(648, 1, 'Приазовское'),
(649, 1, 'Прилуки'),
(650, 1, 'Приморск (Запорожская обл.)'),
(651, 1, 'Приютовка (Кировоградская обл.)'),
(652, 1, 'Пролески'),
(653, 1, 'Просяная (Покровский р-н)'),
(654, 1, 'Пустомыты'),
(655, 1, 'Путивль'),
(656, 1, 'Путила'),
(657, 1, 'Пятихатки'),
(658, 1, 'Рава-Русская'),
(659, 1, 'Радехов'),
(660, 1, 'Радивилов'),
(661, 1, 'Радомышль'),
(662, 1, 'Радушное'),
(663, 1, 'Раздельная (Одесса)'),
(664, 1, 'Ракитное (Белая Церковь)'),
(665, 1, 'Ракошино'),
(666, 1, 'Ратно'),
(667, 1, 'Рафаловка'),
(668, 1, 'Рахны-Лисовые'),
(669, 1, 'Рахов'),
(670, 1, 'Рени'),
(671, 1, 'Репки'),
(672, 1, 'Решетиловка'),
(673, 1, 'Ржищев'),
(674, 1, 'Ровно'),
(675, 1, 'Ровное (Новоукраинский р-н, Кировоградская обл.)'),
(676, 1, 'Рогатин'),
(677, 1, 'Родинское'),
(678, 1, 'Рожище'),
(679, 1, 'Рожнятов'),
(680, 1, 'Розовка (Запорожская обл.)'),
(681, 1, 'Рокитное (Ровно)'),
(682, 1, 'Романковцы'),
(683, 1, 'Романов'),
(684, 1, 'Ромны'),
(685, 1, 'Рубежное'),
(686, 1, 'Рудки'),
(687, 1, 'Ружин'),
(688, 1, 'Русская Лозовая'),
(689, 1, 'Русская Поляна'),
(690, 1, 'Рясное-Русское'),
(691, 1, 'Саврань'),
(692, 1, 'Сагуновка'),
(693, 1, 'Самбор'),
(694, 1, 'Сарата'),
(695, 1, 'Сарны'),
(696, 1, 'Сахновщина'),
(697, 1, 'Свалява'),
(698, 1, 'Свесса'),
(699, 1, 'Светловодск'),
(700, 1, 'Святогорск'),
(701, 1, 'Северодонецк'),
(702, 1, 'Северск'),
(703, 1, 'Селидово'),
(704, 1, 'Семеновка (Черниговская обл.)'),
(705, 1, 'Семеновка(Полт.обл.,Семенов.р-н)'),
(706, 1, 'Сенча'),
(707, 1, 'Сергеевка'),
(708, 1, 'Серебряное'),
(709, 1, 'Середина-Буда'),
(710, 1, 'Сигнаевка'),
(711, 1, 'Синельниково'),
(712, 1, 'Скадовск'),
(713, 1, 'Скала-Подольская'),
(714, 1, 'Скалат'),
(715, 1, 'Сквира'),
(716, 1, 'Сколе'),
(717, 1, 'Славское(Львовская обл.)'),
(718, 1, 'Славута'),
(719, 1, 'Славутич'),
(720, 1, 'Славянск'),
(721, 1, 'Словечное'),
(722, 1, 'Смела'),
(723, 1, 'Смолино'),
(724, 1, 'Смыга'),
(725, 1, 'Снигиревка'),
(726, 1, 'Снятин'),
(727, 1, 'Сокаль'),
(728, 1, 'Сокирница(Хуст.р-н, Закарпатская обл.)'),
(729, 1, 'Сокиряны'),
(730, 1, 'Соледар'),
(731, 1, 'Соленое'),
(732, 1, 'Солоницевка'),
(733, 1, 'Солонка (Львовская обл.)'),
(734, 1, 'Солотвино'),
(735, 1, 'Сосница'),
(736, 1, 'Сосновка (Львовская обл.)'),
(737, 1, 'Сосновое'),
(738, 1, 'Софиевка'),
(739, 1, 'Сошично'),
(740, 1, 'Среднее'),
(741, 1, 'Ставище'),
(742, 1, 'Старая Выжевка'),
(743, 1, 'Старая Синява'),
(744, 1, 'Старобельск'),
(745, 1, 'Старовойтово'),
(746, 1, 'Староказачье'),
(747, 1, 'Староконстантинов'),
(748, 1, 'Старый Самбор'),
(749, 1, 'Стеблев (Черкасская обл.)'),
(750, 1, 'Стебник'),
(751, 1, 'Степановка (Сумская обл.)'),
(752, 1, 'Степань'),
(753, 1, 'Степногорск'),
(754, 1, 'Сторожинец'),
(755, 1, 'Стоянка'),
(756, 1, 'Стрелки'),
(757, 1, 'Стрижавка'),
(758, 1, 'Струмовка'),
(759, 1, 'Стрый'),
(760, 1, 'Стуфчинцы'),
(761, 1, 'Субботцы'),
(762, 1, 'Судовая Вишня '),
(763, 1, 'Сумы'),
(764, 1, 'Сурско-Литовское'),
(765, 1, 'Сутиски'),
(766, 1, 'Сходница'),
(767, 1, 'Счастливое'),
(768, 1, 'Счастье'),
(769, 1, 'Таврийск (Нова Каховка)'),
(770, 1, 'Таврийское (Голая Пристань)'),
(771, 1, 'Талалаевка'),
(772, 1, 'Тальное'),
(773, 1, 'Тальянки'),
(774, 1, 'Тарановка'),
(775, 1, 'Тарасовка'),
(776, 1, 'Тараща'),
(777, 1, 'Тарутино'),
(778, 1, 'Татарбунары'),
(779, 1, 'Телепино'),
(780, 1, 'Теофиполь'),
(781, 1, 'Теплик'),
(782, 1, 'Теплодар'),
(783, 1, 'Теребовля'),
(784, 1, 'Терешки (Полтавский р-н)'),
(785, 1, 'Терновка'),
(786, 1, 'Тернополь'),
(787, 1, 'Терны'),
(788, 1, 'Тетиев'),
(789, 1, 'Тлумач'),
(790, 1, 'Токмак'),
(791, 1, 'Толстое'),
(792, 1, 'Томаковка'),
(793, 1, 'Томашгород'),
(794, 1, 'Томашполь'),
(795, 1, 'Торчин'),
(796, 1, 'Требухов'),
(797, 1, 'Троицкое (Луганская обл.)'),
(798, 1, 'Троицкое (Одес.обл, Беляевский р-н)'),
(799, 1, 'Троицкое (Одесская обл.Любашовский р-н)'),
(800, 1, 'Тростянец (Ахтырка)'),
(801, 1, 'Тростянец (Винницкая обл.)'),
(802, 1, 'Трускавец'),
(803, 1, 'Тульчин'),
(804, 1, 'Турбов'),
(805, 1, 'Турийск'),
(806, 1, 'Турка'),
(807, 1, 'Тывров'),
(808, 1, 'Тысменица'),
(809, 1, 'Тячев'),
(810, 1, 'Угледар'),
(811, 1, 'Угля'),
(812, 1, 'Угринов'),
(813, 1, 'Ужгород'),
(814, 1, 'Узин'),
(815, 1, 'Украинка'),
(816, 1, 'Украинск (Донецкая обл.)'),
(817, 1, 'Ульяновка (Кировоградская обл.)'),
(818, 1, 'Умань'),
(819, 1, 'Устилуг'),
(820, 1, 'Устиновка'),
(821, 1, 'Фастов'),
(822, 1, 'Фонтанка'),
(823, 1, 'Фрунзовка'),
(824, 1, 'Харьков'),
(825, 1, 'Хацки'),
(826, 1, 'Херсон'),
(827, 1, 'Хмельник (Винницкая обл.)'),
(828, 1, 'Хмельницкий'),
(829, 1, 'Ходоров'),
(830, 1, 'Хорол'),
(831, 1, 'Хоростков'),
(832, 1, 'Хотин'),
(833, 1, 'Хотов'),
(834, 1, 'Христиновка'),
(835, 1, 'Хуст'),
(836, 1, 'Хыров'),
(837, 1, 'Царичанка'),
(838, 1, 'Цекиновка'),
(839, 1, 'Цибулев'),
(840, 1, 'Циркуны'),
(841, 1, 'Цумань'),
(842, 1, 'Цюрупинск'),
(843, 1, 'Чабаны'),
(844, 1, 'Чайки'),
(845, 1, 'Чаплинка (Херсонская обл.)'),
(846, 1, 'Часов Яр'),
(847, 1, 'Чемеровцы'),
(848, 1, 'Червоная Слобода'),
(849, 1, 'Червоноармейск (Житомир)'),
(850, 1, 'Червоноград (Львов)'),
(851, 1, 'Червоное (Сумская обл.)'),
(852, 1, 'Червонозаводское'),
(853, 1, 'Червонознаменка'),
(854, 1, 'Червоный Донец'),
(855, 1, 'Черкасское'),
(856, 1, 'Черкассы'),
(857, 1, 'Чернигов'),
(858, 1, 'Черниговка'),
(859, 1, 'Чернобай'),
(860, 1, 'Черновцы'),
(861, 1, 'Черновцы (Винница)'),
(862, 1, 'Черноморское (Одесская обл.)'),
(863, 1, 'Чернухи (Полтавская обл.)'),
(864, 1, 'Черняхов (Житомирская обл.)'),
(865, 1, 'Чечельник'),
(866, 1, 'Чигирин'),
(867, 1, 'Чинадиево'),
(868, 1, 'Чкалово (Новотроицкий р-н, Херсонская обл.)'),
(869, 1, 'Чкаловское'),
(870, 1, 'Чоп'),
(871, 1, 'Чорнобаевка'),
(872, 1, 'Чорный Остров'),
(873, 1, 'Чортков'),
(874, 1, 'Чугуев'),
(875, 1, 'Чудей'),
(876, 1, 'Чуднов'),
(877, 1, 'Чутово'),
(878, 1, 'Шаргород (Винницкая обл.)'),
(879, 1, 'Шацк'),
(880, 1, 'Шевченково (Измаил)'),
(881, 1, 'Шевченково (Харковская обл.)'),
(882, 1, 'Шегини'),
(883, 1, 'Шепетовка'),
(884, 1, 'Шестерня'),
(885, 1, 'Шипинцы'),
(886, 1, 'Широкое'),
(887, 1, 'Ширяево'),
(888, 1, 'Шишаки'),
(889, 1, 'Шостка'),
(890, 1, 'Шпола'),
(891, 1, 'Шумск'),
(892, 1, 'Щирец'),
(893, 1, 'Щорс'),
(894, 1, 'Щорск'),
(895, 1, 'Энергодар'),
(896, 1, 'Южное'),
(897, 1, 'Южноукраинск'),
(898, 1, 'Яблонов'),
(899, 1, 'Яворов'),
(900, 1, 'Яготин'),
(901, 1, 'Ямполь (Винница)'),
(902, 1, 'Ямполь (Хмельницкий)'),
(903, 1, 'Ямполь (Шостка)'),
(904, 1, 'Яремче'),
(905, 1, 'Яреськи'),
(906, 1, 'Ярмолинцы'),
(907, 1, 'Ясиня'),
(908, 1, 'Яснозорье'),
(909, 2, 'Авангард'),
(910, 2, 'Александрия'),
(911, 2, 'Александровка'),
(912, 2, 'Алушта'),
(913, 2, 'Андрушевка'),
(914, 2, 'Апостолово'),
(915, 2, 'Арбузинка'),
(916, 2, 'Артемовск'),
(917, 2, 'Аскания-Нова'),
(918, 2, 'Ахтырка'),
(919, 2, 'Балаклея'),
(920, 2, 'Балта'),
(921, 2, 'Бар'),
(922, 2, 'Барановка'),
(923, 2, 'Барвинково'),
(924, 2, 'Барышевка'),
(925, 2, 'Бахмач'),
(926, 2, 'Баштанка'),
(927, 2, 'Белая Церковь'),
(928, 2, 'Белгород-Днестровский'),
(929, 2, 'Белогорье'),
(930, 2, 'Белозерка'),
(931, 2, 'Белозорье'),
(932, 2, 'Белополье'),
(933, 2, 'Беляевка'),
(934, 2, 'Бердичев'),
(935, 2, 'Бердянск'),
(936, 2, 'Береговое'),
(937, 2, 'Берегомет'),
(938, 2, 'Бережаны'),
(939, 2, 'Березанка'),
(940, 2, 'Березань'),
(941, 2, 'Березнегуватое'),
(942, 2, 'Березное'),
(943, 2, 'Берислав'),
(944, 2, 'Близнюки'),
(945, 2, 'Бобринец'),
(946, 2, 'Бобровица'),
(947, 2, 'Богодухов'),
(948, 2, 'Богуслав'),
(949, 2, 'Болград'),
(950, 2, 'Болехов'),
(951, 2, 'Большая Александровка'),
(952, 2, 'Большая Багачка'),
(953, 2, 'Большая Лепетиха'),
(954, 2, 'Большая Писаревка'),
(955, 2, 'Борзна'),
(956, 2, 'Борислав'),
(957, 2, 'Борисполь'),
(958, 2, 'Бородянка'),
(959, 2, 'Борщев'),
(960, 2, 'Боярка'),
(961, 2, 'Бровары'),
(962, 2, 'Броды'),
(963, 2, 'Бусск'),
(964, 2, 'Буча'),
(965, 2, 'Бучач'),
(966, 2, 'Буштыно'),
(967, 2, 'Валки'),
(968, 2, 'Вапнярка'),
(969, 2, 'Варва'),
(970, 2, 'Василевка'),
(971, 2, 'Васильков'),
(972, 2, 'Васильковка'),
(973, 2, 'Ватутино'),
(974, 2, 'Вашковцы'),
(975, 2, 'Великие Копаны'),
(976, 2, 'Великие Лазы'),
(977, 2, 'Великие Мосты'),
(978, 2, 'Верхнеднепровск'),
(979, 2, 'Верхний Рогачик'),
(980, 2, 'Верховцево'),
(981, 2, 'Вилково'),
(982, 2, 'Винники'),
(983, 2, 'Винница'),
(984, 2, 'Виноградов'),
(985, 2, 'Виньковцы'),
(986, 2, 'Вишневое'),
(987, 2, 'Владимир-Волынский'),
(988, 2, 'Владимирец'),
(989, 2, 'Вознесенск'),
(990, 2, 'Володарка'),
(991, 2, 'Володарск-Волынский'),
(992, 2, 'Волочиск'),
(993, 2, 'Вольногорск'),
(994, 2, 'Вольнянск'),
(995, 2, 'Врадиевка'),
(996, 2, 'Выжница'),
(997, 2, 'Высокополье'),
(998, 2, 'Вышгород'),
(999, 2, 'Гадяч'),
(1000, 2, 'Гайворон'),
(1001, 2, 'Гайсин'),
(1002, 2, 'Геническ'),
(1003, 2, 'Герца'),
(1004, 2, 'Глобино'),
(1005, 2, 'Глубокая'),
(1006, 2, 'Глухов'),
(1007, 2, 'Гнивань'),
(1008, 2, 'Голая Пристань'),
(1009, 2, 'Голобы'),
(1010, 2, 'Голованевск'),
(1011, 2, 'Горностаевка'),
(1012, 2, 'Городенка'),
(1013, 2, 'Городище'),
(1014, 2, 'Городок'),
(1015, 2, 'Горохов'),
(1016, 2, 'Гоща'),
(1017, 2, 'Градижск'),
(1018, 2, 'Гребенка'),
(1019, 2, 'Грицев'),
(1020, 2, 'Грушевка'),
(1021, 2, 'Гуляйполе'),
(1022, 2, 'Гусятин'),
(1023, 2, 'Двухлетнее'),
(1024, 2, 'Делятин'),
(1025, 2, 'Демидовка'),
(1026, 2, 'Деражня'),
(1027, 2, 'Джанкой'),
(1028, 2, 'Диканька'),
(1029, 2, 'Днепровское'),
(1030, 2, 'Днепродзержинск'),
(1031, 2, 'Днепропетровск'),
(1032, 2, 'Днепрорудное'),
(1033, 2, 'Добровеличковка'),
(1034, 2, 'Доброполье'),
(1035, 2, 'Долгое'),
(1036, 2, 'Долина'),
(1037, 2, 'Долинская'),
(1038, 2, 'Домановка'),
(1039, 2, 'Драбов'),
(1040, 2, 'Дрогобыч'),
(1041, 2, 'Дружковка'),
(1042, 2, 'Дубляны'),
(1043, 2, 'Дубно'),
(1044, 2, 'Дубовое'),
(1045, 2, 'Дубровица'),
(1046, 2, 'Дунаевцы'),
(1047, 2, 'Евпатория'),
(1048, 2, 'Еланец'),
(1049, 2, 'Емильчино'),
(1050, 2, 'Жашков'),
(1051, 2, 'Желтые Воды'),
(1052, 2, 'Жидачев'),
(1053, 2, 'Житомир'),
(1054, 2, 'Жмеринка'),
(1055, 2, 'Жовква'),
(1056, 2, 'Жовтневое'),
(1057, 2, 'Залещики'),
(1058, 2, 'Запорожье'),
(1059, 2, 'Заречное'),
(1060, 2, 'Заставна'),
(1061, 2, 'Зачепиловка'),
(1062, 2, 'Збараж'),
(1063, 2, 'Зборов'),
(1064, 2, 'Звенигородка'),
(1065, 2, 'Згуровка'),
(1066, 2, 'Здолбунов'),
(1067, 2, 'Зеленодольск'),
(1068, 2, 'Зиньков'),
(1069, 2, 'Змиев'),
(1070, 2, 'Знаменка'),
(1071, 2, 'Золотоноша'),
(1072, 2, 'Золочев'),
(1073, 2, 'Иваничи'),
(1074, 2, 'Ивано-Франково'),
(1075, 2, 'Ивано-Франковск'),
(1076, 2, 'Ивановка'),
(1077, 2, 'Измаил'),
(1078, 2, 'Изюм'),
(1079, 2, 'Изяслав'),
(1080, 2, 'Илларионово'),
(1081, 2, 'Ильинцы'),
(1082, 2, 'Ильичевск'),
(1083, 2, 'Ирпень'),
(1084, 2, 'Иршава'),
(1085, 2, 'Иршанск'),
(1086, 2, 'Ичня'),
(1087, 2, 'Кагарлык'),
(1088, 2, 'Казанка'),
(1089, 2, 'Казатин'),
(1090, 2, 'Каланчак'),
(1091, 2, 'Калиновка'),
(1092, 2, 'Калуш'),
(1093, 2, 'Каменец-Подольский'),
(1094, 2, 'Каменка-Бугская'),
(1095, 2, 'Каменка-Днепровская'),
(1096, 2, 'Камень-Каширский'),
(1097, 2, 'Канев'),
(1098, 2, 'Карловка'),
(1099, 2, 'Катеринополь'),
(1100, 2, 'Каховка'),
(1101, 2, 'Кегичевка'),
(1102, 2, 'Кельменцы'),
(1103, 2, 'Керецки'),
(1104, 2, 'Керчь'),
(1105, 2, 'Киверцы'),
(1106, 2, 'Киев'),
(1107, 2, 'Килия'),
(1108, 2, 'Кировоград'),
(1109, 2, 'Кировское'),
(1110, 2, 'Кицмань'),
(1111, 2, 'Клевань'),
(1112, 2, 'Клесов'),
(1113, 2, 'Кобеляки'),
(1114, 2, 'Ковель'),
(1115, 2, 'Кодыма'),
(1116, 2, 'Козелец'),
(1117, 2, 'Козельщина'),
(1118, 2, 'Козова'),
(1119, 2, 'Колки'),
(1120, 2, 'Коломыя'),
(1121, 2, 'Комарно'),
(1122, 2, 'Компаниевка'),
(1123, 2, 'Комсомольск'),
(1124, 2, 'Конотоп'),
(1125, 2, 'Константиновка'),
(1126, 2, 'Копычинцы'),
(1127, 2, 'Корец'),
(1128, 2, 'Короп'),
(1129, 2, 'Коростень'),
(1130, 2, 'Коростышев'),
(1131, 2, 'Корсунь-Шевченковский'),
(1132, 2, 'Косов'),
(1133, 2, 'Костополь'),
(1134, 2, 'Котельва'),
(1135, 2, 'Котовск'),
(1136, 2, 'Коцюбинское'),
(1137, 2, 'Краматорск'),
(1138, 2, 'Красилов'),
(1139, 2, 'Красноармейск'),
(1140, 2, 'Красноград'),
(1141, 2, 'Краснодар'),
(1142, 2, 'Краснополье'),
(1143, 2, 'Кременец'),
(1144, 2, 'Кременчуг'),
(1145, 2, 'Кривое Озеро'),
(1146, 2, 'Кривой Рог'),
(1147, 2, 'Кринички'),
(1148, 2, 'Кролевец'),
(1149, 2, 'Крыжановка'),
(1150, 2, 'Крыжополь'),
(1151, 2, 'Крюковщина'),
(1152, 2, 'Кузнецовск'),
(1153, 2, 'Куликов'),
(1154, 2, 'Купянск'),
(1155, 2, 'Курахово'),
(1156, 2, 'Ладыжин'),
(1157, 2, 'Лазурное'),
(1158, 2, 'Лановцы'),
(1159, 2, 'Лебедин'),
(1160, 2, 'Летичев'),
(1161, 2, 'Липовая Долина'),
(1162, 2, 'Липовец'),
(1163, 2, 'Липцы'),
(1164, 2, 'Лисичанск'),
(1165, 2, 'Литин'),
(1166, 2, 'Лозовая'),
(1167, 2, 'Локачи'),
(1168, 2, 'Лохвица'),
(1169, 2, 'Лубны'),
(1170, 2, 'Лугины'),
(1171, 2, 'Луцк'),
(1172, 2, 'Лысянка'),
(1173, 2, 'Львов'),
(1174, 2, 'Любар'),
(1175, 2, 'Любешов'),
(1176, 2, 'Любомль'),
(1177, 2, 'Люботин'),
(1178, 2, 'Магдалиновка'),
(1179, 2, 'Макаров'),
(1180, 2, 'Малая Выска'),
(1181, 2, 'Малин'),
(1182, 2, 'Мамаевцы'),
(1183, 2, 'Маневичи'),
(1184, 2, 'Марганец'),
(1185, 2, 'Мариуполь'),
(1186, 2, 'Машевка'),
(1187, 2, 'Межевая'),
(1188, 2, 'Мелитополь'),
(1189, 2, 'Мельница-Подольская'),
(1190, 2, 'Мена'),
(1191, 2, 'Мерефа'),
(1192, 2, 'Микулинцы'),
(1193, 2, 'Миргород'),
(1194, 2, 'Мироновка'),
(1195, 2, 'Млинов'),
(1196, 2, 'Могилев-Подольский'),
(1197, 2, 'Монастыриска'),
(1198, 2, 'Моршин'),
(1199, 2, 'Москва'),
(1200, 2, 'Мостиска'),
(1201, 2, 'Мошны'),
(1202, 2, 'Мукачево'),
(1203, 2, 'Мурованые Куриловцы'),
(1204, 2, 'Надвирна'),
(1205, 2, 'Народичи'),
(1206, 2, 'Недригайлов'),
(1207, 2, 'Нежин'),
(1208, 2, 'Немиров'),
(1209, 2, 'Нетишин'),
(1210, 2, 'Нижние Серогозы'),
(1211, 2, 'Николаев'),
(1212, 2, 'Никополь'),
(1213, 2, 'Новая Водолага'),
(1214, 2, 'Новая Каховка'),
(1215, 2, 'Новая Одесса'),
(1216, 2, 'Новая Ушица'),
(1217, 2, 'Новгородка'),
(1218, 2, 'Новоалександровка'),
(1219, 2, 'Новоархангельск'),
(1220, 2, 'Нововолынск'),
(1221, 2, 'Нововоронцовка'),
(1222, 2, 'Новоград-Волынский'),
(1223, 2, 'Новоднестровск'),
(1224, 2, 'Новомиргород'),
(1225, 2, 'Новомосковск'),
(1226, 2, 'Новониколаевка'),
(1227, 2, 'Новоселица'),
(1228, 2, 'Новотроицкое'),
(1229, 2, 'Новоукраинка'),
(1230, 2, 'Новояворовск'),
(1231, 2, 'Новые Санжары'),
(1232, 2, 'Новый Буг'),
(1233, 2, 'Новый Роздол'),
(1234, 2, 'Носовка'),
(1235, 2, 'Обухов'),
(1236, 2, 'Овруч'),
(1237, 2, 'Одесса'),
(1238, 2, 'Олевск'),
(1239, 2, 'Ольшанка'),
(1240, 2, 'Онуфриевка'),
(1241, 2, 'Опишня'),
(1242, 2, 'Оратовка'),
(1243, 2, 'Орджоникидзе'),
(1244, 2, 'Орехов'),
(1245, 2, 'Оржица'),
(1246, 2, 'Острог'),
(1247, 2, 'Отыния'),
(1248, 2, 'Очаков'),
(1249, 2, 'Павлоград'),
(1250, 2, 'Первомайск'),
(1251, 2, 'Первомайский'),
(1252, 2, 'Перегинское'),
(1253, 2, 'Перемышляны'),
(1254, 2, 'Перечин'),
(1255, 2, 'Перещепино'),
(1256, 2, 'Переяслав-Хмельницкий'),
(1257, 2, 'Першотравенск'),
(1258, 2, 'Песчанка'),
(1259, 2, 'Петриковка'),
(1260, 2, 'Петрово'),
(1261, 2, 'Петропавловка'),
(1262, 2, 'Побужское'),
(1263, 2, 'Погребище'),
(1264, 2, 'Подволочиск'),
(1265, 2, 'Подгайцы'),
(1266, 2, 'Подгородное'),
(1267, 2, 'Покровское'),
(1268, 2, 'Пологи'),
(1269, 2, 'Полонное'),
(1270, 2, 'Полтава'),
(1271, 2, 'Помичная'),
(1272, 2, 'Попельня'),
(1273, 2, 'Почаев'),
(1274, 2, 'Прилуки'),
(1275, 2, 'Приморск'),
(1276, 2, 'Пустомыты'),
(1277, 2, 'Путивль'),
(1278, 2, 'Путила'),
(1279, 2, 'Пырятин'),
(1280, 2, 'Рава-Русская'),
(1281, 2, 'Радехов'),
(1282, 2, 'Радомышль'),
(1283, 2, 'Радывылив'),
(1284, 2, 'Раздельная'),
(1285, 2, 'Ракитное'),
(1286, 2, 'Ратно'),
(1287, 2, 'Рахов'),
(1288, 2, 'Рени'),
(1289, 2, 'Репки'),
(1290, 2, 'Решетиловка'),
(1291, 2, 'Ровно'),
(1292, 2, 'Рожище'),
(1293, 2, 'Рожнятов'),
(1294, 2, 'Романов'),
(1295, 2, 'Ромны'),
(1296, 2, 'Рубежное'),
(1297, 2, 'Рудки'),
(1298, 2, 'Рудне'),
(1299, 2, 'Ружин'),
(1300, 2, 'Самбор'),
(1301, 2, 'Санкт-Петербург'),
(1302, 2, 'Сарны'),
(1303, 2, 'Сатанов'),
(1304, 2, 'Сахновщина'),
(1305, 2, 'Свалява'),
(1306, 2, 'Свеса'),
(1307, 2, 'Светловодск'),
(1308, 2, 'Севастополь'),
(1309, 2, 'Северодонецк'),
(1310, 2, 'Семеновка'),
(1311, 2, 'Середина-Буда'),
(1312, 2, 'Симферополь'),
(1313, 2, 'Синельниково'),
(1314, 2, 'Скадовск'),
(1315, 2, 'Скалат'),
(1316, 2, 'Сквира'),
(1317, 2, 'Сколе'),
(1318, 2, 'Славута'),
(1319, 2, 'Славутич'),
(1320, 2, 'Славянск'),
(1321, 2, 'Смела'),
(1322, 2, 'Смолино'),
(1323, 2, 'Сокаль'),
(1324, 2, 'Сокиряны'),
(1325, 2, 'Соленое'),
(1326, 2, 'Солотвин'),
(1327, 2, 'Солотвино'),
(1328, 2, 'Сосновка'),
(1329, 2, 'Софиевка'),
(1330, 2, 'Софиевская Борщаговка'),
(1331, 2, 'Срибное'),
(1332, 2, 'Ставище'),
(1333, 2, 'Старая Выжевка'),
(1334, 2, 'Старобельск'),
(1335, 2, 'Староконстантинов'),
(1336, 2, 'Старый Самбор'),
(1337, 2, 'Стебник'),
(1338, 2, 'Стрый'),
(1339, 2, 'Сумы'),
(1340, 2, 'Тальное'),
(1341, 2, 'Тарасовка'),
(1342, 2, 'Тараща'),
(1343, 2, 'Тарутино'),
(1344, 2, 'Татарбунары'),
(1345, 2, 'Теофиполь'),
(1346, 2, 'Теплик'),
(1347, 2, 'Теплодар'),
(1348, 2, 'Теребовля'),
(1349, 2, 'Терновка'),
(1350, 2, 'Тернополь'),
(1351, 2, 'Тетиев'),
(1352, 2, 'Тлумач'),
(1353, 2, 'Токмак'),
(1354, 2, 'Томаковка'),
(1355, 2, 'Томашполь'),
(1356, 2, 'Торчин'),
(1357, 2, 'Тростянец'),
(1358, 2, 'Трускавец'),
(1359, 2, 'Тульчин'),
(1360, 2, 'Турийск'),
(1361, 2, 'Турка'),
(1362, 2, 'Тывров'),
(1363, 2, 'Тячев'),
(1364, 2, 'Ужгород'),
(1365, 2, 'Узин'),
(1366, 2, 'Украинка'),
(1367, 2, 'Ульяновка'),
(1368, 2, 'Умань'),
(1369, 2, 'Фастов'),
(1370, 2, 'Феодосия'),
(1371, 2, 'Харьков'),
(1372, 2, 'Херсон'),
(1373, 2, 'Хмельник'),
(1374, 2, 'Хмельницкий'),
(1375, 2, 'Ходоров'),
(1376, 2, 'Хорол'),
(1377, 2, 'Хоростков'),
(1378, 2, 'Хотин'),
(1379, 2, 'Христиновка'),
(1380, 2, 'Хуст'),
(1381, 2, 'Царичанка'),
(1382, 2, 'Цумань'),
(1383, 2, 'Цюрупинск'),
(1384, 2, 'Чаплинка'),
(1385, 2, 'Червоная Слобода'),
(1386, 2, 'Червоноармейск'),
(1387, 2, 'Червоноград'),
(1388, 2, 'Червонозаводское'),
(1389, 2, 'Черкасское'),
(1390, 2, 'Черкассы'),
(1391, 2, 'Чернигов'),
(1392, 2, 'Черниговка'),
(1393, 2, 'Чернобай'),
(1394, 2, 'Черновцы'),
(1395, 2, 'Черноморское'),
(1396, 2, 'Чернухи'),
(1397, 2, 'Черняхов'),
(1398, 2, 'Чечельник'),
(1399, 2, 'Чигирин'),
(1400, 2, 'Чоп'),
(1401, 2, 'Чортков'),
(1402, 2, 'Чугуев'),
(1403, 2, 'Чутово'),
(1404, 2, 'Шаргород'),
(1405, 2, 'Шацк'),
(1406, 2, 'Шевченково'),
(1407, 2, 'Шепетовка'),
(1408, 2, 'Широкое Криворожское'),
(1409, 2, 'Шишаки'),
(1410, 2, 'Шостка'),
(1411, 2, 'Шпола'),
(1412, 2, 'Шумск'),
(1413, 2, 'Щорс'),
(1414, 2, 'Щорск'),
(1415, 2, 'Энергодар'),
(1416, 2, 'Южное'),
(1417, 2, 'Южноукраинск'),
(1418, 2, 'Яблонов'),
(1419, 2, 'Яворов'),
(1420, 2, 'Яготин'),
(1421, 2, 'Якимовка'),
(1422, 2, 'Ялта'),
(1423, 2, 'Ямполь'),
(1424, 2, 'Яремче'),
(1425, 2, 'Ярмолинцы'),
(1426, 2, 'Ясиня');

-- --------------------------------------------------------

--
-- Dumping data for table `stores`
--

INSERT INTO `stores` (`id`, `cities_id`, `name`) VALUES
(1, 1106, 'ул. Паньковская 27/78'),
(2, 1379, 'ул. Гагарина 9'),
(3, 1173, 'ул. Шевченко 358'),
(4, 1173, 'ул. Вашингтона 5-5а'),
(5, 1144, 'ул. Победы 25'),
(6, 1415, 'ул. Казацкая 28'),
(7, 1106, 'ул. Московская 15/9'),
(8, 1368, 'ул. Ленина 1'),
(9, 1415, 'ул. Коммунальная, 7'),
(10, 1270, 'ул. Половка, 68'),
(11, 1173, 'ул. Генерала Чупринки 36'),
(12, 1178, 'ул. Советская 26а'),
(13, 1075, 'ул. Галицкая 28/1'),
(14, 1201, 'ул. Ленина 38'),
(15, 1031, 'ул. Набережная Победы 50'),
(16, 1415, 'просп. Строителей 11а'),
(17, 1389, 'ул. Лесная 1'),
(18, 1394, 'ул. Небесной Сотни 14а'),
(19, 1391, 'ул. Шевченко 47'),
(20, 1050, 'ул. Ленина 46'),
(21, 1173, 'ул. Нижанковского 7'),
(22, 1031, 'ул. Набережная Победы 30'),
(23, 1036, 'ул. Бандеры 5'),
(24, 1058, 'ул. Лизы Чайкиной 57'),
(25, 1415, 'просп. Строителей 24'),
(26, 1391, 'ул. Павлика Морозова 36'),
(27, 999, 'ул. Леси Украинки, 1А'),
(28, 1422, 'ул. Свердлова, 34'),
(29, 1173, 'просп. Вячеслава Черновола 95'),
(30, 918, 'ул. Фрунзе, 8'),
(31, 1106, 'ул. Воровского 7'),
(32, 1075, 'ул. Владимира Великого 12а'),
(33, 1097, 'ул. Шевченко 6'),
(34, 1058, 'шоссе. Хортицкое 14'),
(35, 1095, 'ул. Николая Гоголя 18'),
(36, 1165, 'Областной адресный забор и доставка'),
(37, 1391, 'ул. Комсомольская 43'),
(38, 1173, 'ул. Днестровская 1'),
(39, 1106, 'просп. Григоренко 28'),
(40, 1171, 'просп. Возрождения 26а'),
(41, 1058, 'ул. Грязнова 4а'),
(42, 1391, 'ул. 50 лет СССР 8'),
(43, 1075, 'ул. Торговая, 1'),
(44, 1148, 'ул. Карла Маркса, 15'),
(45, 1173, 'ул. Шота Руставели 38'),
(46, 1222, 'ул. Вокзальная, 8'),
(47, 1019, 'ул. Шевченко 2'),
(48, 1031, 'просп. Героев 3'),
(49, 1307, 'ул. Ленина, 100'),
(50, 1058, 'просп. Юбилейный 26-г'),
(51, 1221, 'ул. Гагарина 16'),
(52, 1080, 'ул. Рабочая 13'),
(53, 1391, 'ул. Коцюбинского 66'),
(54, 1363, 'ул. Независимости, 205'),
(55, 1106, 'просп. Воздухофлотский 50/2'),
(56, 1407, 'ул. Привокзальная 33а'),
(57, 1108, 'ул. Большая Перспективная 8'),
(58, 1391, 'ул. Щорса 37'),
(59, 1173, 'ул. Научная 96б'),
(60, 1106, 'просп. Бажана 36, Прим 162'),
(61, 1303, 'ул. Сиреневая 135ж'),
(62, 1031, 'просп. Воронцова 9'),
(63, 1139, 'ул. Горького, 106а'),
(64, 1058, 'просп. Металлургов 5'),
(65, 997, 'ул. Красноармейская 110а'),
(66, 1391, 'просп. Победы 139'),
(67, 1173, 'ул. Городоцкая 41'),
(68, 948, 'Областной адресный забор и доставка'),
(69, 1106, 'просп. Бажана 10'),
(70, 1031, 'просп. Правды 6'),
(71, 951, 'ул. Братская 8'),
(72, 1391, 'просп. Мира 35'),
(73, 1173, 'ул. Щирецкая 36'),
(74, 1106, 'просп. Бажана 3'),
(75, 1031, 'ул. Агнии Барто 17'),
(76, 1058, 'ул. Леппика 33а'),
(77, 943, 'ул. 1-го Мая 185'),
(78, 1391, 'ул. Белова 29'),
(79, 1154, 'ул. Дзержинского, 56'),
(80, 1173, 'ул. Сечевых Стрелков 17'),
(81, 1106, 'просп. Бажана 24/1'),
(82, 1182, 'ул. Шевченко 85'),
(83, 1031, 'ул. Савченко Юрия 96а'),
(84, 1106, 'ул. Старобориспольская, 14'),
(85, 1093, 'ул. Маршала Харченко, 24'),
(86, 1270, 'ул. Октябрьская, 28/13'),
(87, 1173, 'пл. Липнева 10'),
(88, 1106, 'просп. Московский, 9, Форум Парк Плаза'),
(89, 1031, 'ул. Березинская 18'),
(90, 1267, 'ул. 40 Лет Октября 44'),
(91, 1391, 'ул. Текстильщиков 18'),
(92, 1106, 'ул. Червонопрапорная, 135'),
(93, 1173, 'ул. Бандеры 37'),
(94, 1106, 'ул. Лебедева-Кумача 7'),
(95, 974, 'ул. Соборная 11'),
(96, 1031, 'ул. Набережная Заводская 18а'),
(97, 1058, 'ул. 40-Летия Советской Украины 62'),
(98, 1391, 'ул. Сережникова 6'),
(99, 1093, 'ул. Северная, 81г'),
(100, 1082, 'пер. Школьный 1'),
(101, 1058, 'ул. Героев Сталинграда 30'),
(102, 1372, 'ул. Суворова 7'),
(103, 1225, 'ул. Шевченко 3'),
(104, 1391, 'ул. Гагарина 11'),
(105, 927, 'ул. Фастовская, 60A'),
(106, 1173, 'ул. Коперника 32'),
(107, 1031, 'ул. Передовая 614б'),
(108, 1372, 'шоссе. Николаевское 15'),
(109, 1391, 'ул. Одинцова 2'),
(110, 1082, 'ул. Гайдара 8/53н'),
(111, 1106, 'ул.Николая Пимоненко, д.13 Бизнес-центр Форум'),
(112, 1031, 'просп. Кирова 66'),
(113, 1393, 'ул. Ленина 169а'),
(114, 1058, 'ул. Ладожская 4'),
(115, 1372, 'ул. Блюхера 52'),
(116, 1391, 'ул. Красносельского 59'),
(117, 1173, 'ул. Богдана Хмельницкого 171'),
(118, 1237, 'ул. Рекордная 68/1'),
(119, 977, 'ул. Львовская 29'),
(120, 1031, 'ул. Титова 29м'),
(121, 1058, 'бул. Центральный 20'),
(122, 1372, 'ул. Розы Люксембург 26а'),
(123, 1391, 'ул. Рокоссовского 43'),
(124, 1104, 'ул. Айвазовского, 24/3'),
(125, 1173, 'ул. Нечуя-Левицкого 3'),
(126, 1171, 'ул. Ковельская 2'),
(127, 1071, 'ул. Шевченко 169а'),
(128, 1058, 'ул. Победы 20'),
(129, 1372, 'ул. Суворова 34'),
(130, 1051, 'ул. Богдана Хмельницкого 14а'),
(131, 1155, 'ул. Чкалова, 6'),
(132, 1106, 'ул. Молодогвардейская, 28а'),
(133, 1173, 'ул. Сиховская 8'),
(134, 1237, 'просп. Шевченко 17'),
(135, 1328, 'ул. Галицкая 9/17'),
(136, 1058, 'ул. Андрея Иванова 81-а'),
(137, 930, 'ул. Карла Маркса 86'),
(138, 1391, 'просп. Победы 92'),
(139, 1173, 'ул. Шевченко 31'),
(140, 1237, 'ул. Щорса 125/1'),
(141, 1198, 'ул. 50-Летия Упа 2'),
(142, 1171, 'ул. Гордиюк 37'),
(143, 1058, 'ул. Правды 39'),
(144, 975, 'ул. Андреева 2а'),
(145, 1249, 'ул. Озерная 90'),
(146, 1173, 'ул. Пекарская 26/1'),
(147, 1237, 'ул. 25-й Чапаевской Дивизии 1'),
(148, 1171, 'ул. Винниченко 47/34'),
(149, 1039, 'ул. Шевченко 9'),
(150, 1135, 'ул. 50-Летия Октября 121'),
(151, 1008, 'ул. 1-го Мая 3'),
(152, 1391, 'ул. Щорса 6'),
(153, 1173, 'ул. Кульпарковская 174'),
(154, 1153, 'ул. Независимости 6а'),
(155, 1171, 'ул. Крылова 1'),
(156, 1235, 'ул. Октябрьская, 174'),
(157, 1076, 'ул. Деревьянко 58'),
(158, 1157, 'ул. Металлургов 3'),
(159, 1237, 'ул. Черноморского казачества, 115, офис 121'),
(160, 1173, 'ул. Драгана 9'),
(161, 1237, 'ул. Краснова 8'),
(162, 1297, 'ул. Самборская 3'),
(163, 1058, 'ул. Карпенко-Карого, 47'),
(164, 1284, 'ул. Красноармейская 1а'),
(165, 1090, 'ул. Ленина 15'),
(166, 1391, 'просп. Мира 194'),
(167, 1163, 'ул. Пушкинская 82'),
(168, 1173, 'ул. Замарстыновская 49'),
(169, 1171, 'просп. Молодежи 14'),
(170, 1058, 'ул. Производственная 11а'),
(171, 1347, 'ул. Пионерная 28/3'),
(172, 1384, 'ул. Советская 44'),
(173, 1031, 'пер. Калинина 23'),
(174, 1406, 'ул. Ширяева 6а'),
(175, 1173, 'ул. Зеленая 10'),
(176, 1298, 'ул. Центральная 3а'),
(177, 1171, 'ул. Красного Креста 16'),
(178, 933, 'ул. Костина 11'),
(179, 917, 'ул. Красноармейская 26'),
(180, 1031, 'просп. Героев 19'),
(181, 962, 'ул. Золотая 2'),
(182, 1327, 'ул. Харьковская 3'),
(183, 1171, 'просп. Воли 6'),
(184, 928, 'ул. Измаильская 58г'),
(185, 1228, 'ул. Чапаева 3'),
(186, 1106, 'просп. Григоренко 22/20'),
(187, 1173, 'ул. Винниченко 10'),
(188, 1237, 'ул. Академика Филатова 14'),
(189, 1103, 'ул. Главная 6'),
(190, 1171, 'просп. Грушевского 31'),
(191, 1058, 'ул. Чаривна 46-Б'),
(192, 928, 'ул. Измаильская 52а'),
(193, 1058, 'ул. Истомина, 6'),
(194, 944, 'ул. Советская 26'),
(195, 1173, 'ул. Владимира Великого 51'),
(196, 966, 'ул. Майская 9'),
(197, 1058, 'ул. Заднепровская 62б'),
(198, 1343, 'просп. Мира 44'),
(199, 1076, 'ул. Энгельса 12а'),
(200, 1218, 'ул. Парковая 4'),
(201, 1207, 'ул. Генерала Корчагина, 6'),
(202, 1106, 'ул. Академика Заболотного 48а'),
(203, 1173, 'ул. Городоцкая 98'),
(204, 1171, 'ул. Конякина 9б'),
(205, 1058, 'ул. Рубана 13'),
(206, 1344, 'ул. Карла Маркса 25'),
(207, 1210, 'ул. Свердлова 25'),
(208, 1173, 'ул. Староеврейская 3'),
(209, 1237, 'ул. Космонавтов 32'),
(210, 1035, 'ул. Пушкина 1/2'),
(211, 1171, 'бул. Дружбы Народов 4а'),
(212, 1338, 'ул. Шевченко 66'),
(213, 1058, 'ул. Гудыменко 14'),
(214, 981, 'ул. Ленина 10'),
(215, 1011, 'ул. Торговая 3'),
(216, 1237, 'ул. Академика Королева 16'),
(217, 1126, 'ул. Рынок 1'),
(218, 1171, 'просп. Воли 52'),
(219, 1107, 'ул. Дунайская 26'),
(220, 953, 'ул. Щорса 4'),
(221, 1173, 'ул. Петлюры 2'),
(222, 1237, 'дор. Люстдорфская 140 В'),
(223, 1192, 'ул. Грушевского 42'),
(224, 1171, 'просп. Возрождения 1'),
(225, 1211, 'просп. Героев Сталинграда 55'),
(226, 1077, 'ул. Ленина 13'),
(227, 1173, 'ул. Патона 2/4а'),
(228, 1237, 'дор. Днепропетровская 90/1'),
(229, 1189, 'ул. Сечевых Стрелков 11'),
(230, 1171, 'просп. Соборности 32б'),
(231, 1106, 'ул. Декабристов 12/37'),
(232, 1077, 'просп. Ленина 35'),
(233, 979, 'ул. Владычанского 2'),
(234, 1173, 'ул. Широкая 63а'),
(235, 1237, 'ул. Жуковского 2'),
(236, 1315, 'ул. Грушевского, 4, корп.А'),
(237, 1171, 'ул. Кравчука 32а'),
(238, 1106, 'ул. Анны Ахматовой 14а'),
(239, 1077, 'ул. Котовского 53'),
(240, 1396, 'ул. Ленина 35'),
(241, 1173, 'ул. Линкольна 10а'),
(242, 1237, 'ул. Тираспольская 19'),
(243, 1270, 'ул. Комарова, 5'),
(244, 1377, 'ул. Независимости 68'),
(245, 1171, 'ул. Задворецкая 1а'),
(246, 1106, 'ул. Княжий Затон 11а'),
(247, 1077, 'ул. Осипенко 78/80'),
(248, 1031, 'просп. Мира 18'),
(249, 949, 'ул. Ивана Сергиенко 52'),
(250, 1168, 'ул. Победы 3'),
(251, 1376, 'ул. Ленина, 49'),
(252, 1173, 'ул. Под Дубом 12/5'),
(253, 1193, 'ул. Николая Гоголя 137/8'),
(254, 1291, 'ул. Словацкого 4/6'),
(255, 1055, 'ул. Львовская 22'),
(256, 1058, 'ул. Кривая бухта, 2'),
(257, 909, 'ул. Базовая 20'),
(258, 1388, 'ул. Матросова 31'),
(259, 1173, 'ул. Стрийская 85а'),
(260, 1018, 'ул. Октябрьская 3'),
(261, 1058, 'ул. 40-Летия Советской Украины 82'),
(262, 1291, 'ул. Соборная 197'),
(263, 1237, 'ул. Жуковского 32'),
(264, 1068, 'ул. Ленина 65'),
(265, 1257, 'ул. Ленина 18'),
(266, 1082, 'ул. Транспортная, 14'),
(267, 983, 'ул. Келецкая 69а'),
(268, 1237, 'ул. Мясоедовская 25'),
(269, 1031, 'ул. Калиновая 72'),
(270, 1106, 'просп. Героев Сталинграда 20б'),
(271, 1291, 'ул. Степана Бандеры 47'),
(272, 1280, 'ул. Львовская 3'),
(273, 1237, 'ул. Черноморского Козачества 115'),
(274, 1134, 'ул. Октябрьская 198'),
(275, 983, 'ул. К. Маркса, 42'),
(276, 957, 'ул. Киевский Шлях 73'),
(277, 1031, 'ул. Калиновая 49/76'),
(278, 1106, 'просп. Героев Сталинграда 10а'),
(279, 1291, 'ул. Грушевского 42а'),
(280, 1237, 'ул. Балковская 30'),
(281, 1241, 'ул. Победы 3'),
(282, 1371, 'Московский проспект, 247а'),
(283, 957, 'ул. Киевский Шлях 39'),
(284, 1237, 'ул. Разумовская 23'),
(285, 1031, 'пер. Парусный 12/2'),
(286, 1291, 'ул. Соборная 15'),
(287, 1237, 'просп. Маршала Жукова 47/3'),
(288, 1028, 'ул. Ленина 68'),
(289, 1031, 'массив. Тополь-2, Д.28, КОРП.6, КВ.40'),
(290, 1106, 'ул. Луначарского 10'),
(291, 1291, 'ул. Гагарина 67'),
(292, 1237, 'просп. Добровольского 122/1'),
(293, 1270, 'ул. Фрунзе 63'),
(294, 1259, 'ул. Пионерская 4'),
(295, 1084, 'ул. Билецкая 1'),
(296, 1237, 'ул. Старопортофранковская 103а'),
(297, 1212, 'ул. Кооперативная, 5'),
(298, 1031, 'просп. Правды 11'),
(299, 1106, 'ул. Предславинская 19'),
(300, 1291, 'просп. Мира 8'),
(301, 1237, 'просп. Добровольского 75а'),
(302, 1270, 'ул. Октябрьская 46'),
(303, 1051, 'ул. Гагарина 31'),
(304, 1031, 'ул. Привокзальная 4'),
(305, 1106, 'ул. Владимирская 18'),
(306, 1335, 'ул. Попова, 73'),
(307, 1176, 'ул. Первого мая, 137, 139'),
(308, 1237, 'просп. Адмиральский 9'),
(309, 1270, 'ул. Октябрьская 70а'),
(310, 984, 'ул. Станционная 1'),
(311, 1237, 'ул. Армейская 8'),
(312, 1106, 'ул. Горького 164'),
(313, 1291, 'ул. Видинская 8'),
(314, 1237, 'просп. Шевченко 27'),
(315, 1270, 'ул. Гожулянская 4'),
(316, 1308, 'ул. Шабалина, 21 (19б)'),
(317, 1108, 'ул. Родниковая, 86'),
(318, 1084, 'ул. Шевченко 40'),
(319, 1237, 'ул. Михаила Грушевского 52'),
(320, 1106, 'просп. Героев Сталинграда 12'),
(321, 1291, 'ул. Соборная 192'),
(322, 1237, 'дор. Николаевская 297'),
(323, 1270, 'ул. Степного Фронта 48'),
(324, 1407, 'ул. Карла Маркса, 78'),
(325, 1202, 'ул. Мира 42'),
(326, 1106, 'ул. Симиренко 2-19'),
(327, 1291, 'ул. Шевченко 18/8'),
(328, 1237, 'ул. Академика Королева 75'),
(329, 1270, 'ул. Красина 118-А'),
(330, 957, 'ул. Головатого, 83'),
(331, 1108, 'ул. Маланюка, 11а'),
(332, 1287, 'ул. Мира 15/4'),
(333, 1373, 'ул. Кирова 1'),
(334, 1237, 'дор. Днепропетровская 76'),
(335, 1291, 'ул. Галицкого 2'),
(336, 1416, 'ул. Гр Десанту 28/39'),
(337, 1270, 'ул. Шевченко 62'),
(338, 1212, 'ул. Электрометаллургов 26а'),
(339, 1305, 'ул. Главная 56, 51/52'),
(340, 1089, 'ул. Пилипа Орлика 16'),
(341, 1237, 'ул. Преображенская 17'),
(342, 1368, 'ул. Индустриальная, 14'),
(343, 1106, 'ул. Народного Ополчения 1'),
(344, 1291, 'ул. Юбилейная 13'),
(345, 1395, 'ул. Гвардейская 81'),
(346, 1186, 'ул. Ленина 134'),
(347, 1363, 'ул. Октябрьская 2'),
(348, 1263, 'ул. Богдана Хмельницкого 108'),
(349, 1237, 'ул. Маршала Говорова 10б'),
(350, 1106, 'бул. Тараса Шевченко 58'),
(351, 1291, 'ул. Гагарина 39'),
(352, 1149, 'ул. Генерала Бочарова 50'),
(353, 1231, 'ул. Октябрьская 30'),
(354, 1081, 'ул. Карла Маркса 24а'),
(355, 1237, 'ул. Черняховского 1'),
(356, 1237, 'ул. Владимира Высоцкого 23'),
(357, 1117, 'ул. Советская 46/11'),
(358, 1212, 'ул. Шевченко 188'),
(359, 1380, 'ул. Карпатской Сечи 38'),
(360, 1162, 'ул. Ленина 51'),
(361, 1237, 'ул. Малая Арнаутская 97'),
(362, 1106, 'ул. Крещатик 46а'),
(363, 1291, 'ул. Вячеслава Черновола 17'),
(364, 956, 'ул. Адама Мицкевича 13'),
(365, 1237, 'ул. Софиевская 14'),
(366, 1144, 'просп. 50-Летия Октября 40'),
(367, 1202, 'ул. Генерала Петрова 37'),
(368, 983, 'ул. Келецкая 106'),
(369, 1237, 'ул. Ядова 16а'),
(370, 1291, 'ул. Шухевича 10'),
(371, 1216, 'ул. Подольская 15/3'),
(372, 1237, 'ул. Пастера 19'),
(373, 1144, 'ул. 60-Летия Октября 124'),
(374, 919, 'ул. Ленина, 78'),
(375, 1171, 'ул. Потебни, 71'),
(376, 1123, 'ул. Строна,1 (база ОРСА)'),
(377, 1202, 'ул. Матросова 15'),
(378, 983, 'ул. Пирогова 105'),
(379, 1106, 'просп. Победы 27а'),
(380, 1291, 'ул. Соборная 108'),
(381, 1040, 'ул. Замковая Гора 1'),
(382, 1237, 'пл. Греческая 3/4'),
(383, 1144, 'ул. Республиканская 87'),
(384, 1007, 'ул. Ленина 85'),
(385, 1237, 'ул. Екатерининская 78'),
(386, 984, 'ул. Вакарова, 20'),
(387, 1106, 'ул. Строителей 36'),
(388, 1374, 'ул. Курчатова 1а'),
(389, 1237, 'пл. Соборная 6'),
(390, 1144, 'ул. Халаменюка 4б'),
(391, 936, 'ул. Сечени 4'),
(392, 1054, 'ул. Центральная 5'),
(393, 1237, 'ул. Малая Арнаутская 88'),
(394, 934, 'ул. Привокзальная, 3'),
(395, 1106, 'ул. Киквидзе 1'),
(396, 1374, 'ул. Куприна 54/1'),
(397, 1230, 'ул. Степана Бандеры 18'),
(398, 1237, 'пер. Каретный 18'),
(399, 964, 'ул. Кирова, 144'),
(400, 1364, 'ул. Капушанская 21'),
(401, 1404, 'ул. Леси Украинки 5а'),
(402, 1237, 'просп. Добровольского 112'),
(403, 1339, 'пл. Независимости 3/1'),
(404, 1237, 'бул. Итальянский 6'),
(405, 1144, 'ул. 60-Летия Октября 57'),
(406, 1354, 'ул. Шевченко 27'),
(407, 1173, 'ул. Осмомысла 3'),
(408, 1364, 'ул. Минайская 34'),
(409, 1203, 'ул. Космонавта Комарова 1/131'),
(410, 1031, 'ул. Героев Гражданской Войны 21'),
(411, 1106, 'ул. Декабристов 3'),
(412, 1374, 'ул. Александра Довженко 7/1'),
(413, 1237, 'бул. Французский 12'),
(414, 1310, 'ул. Шевченко 27'),
(415, 1173, 'ул. Ивана Франко 8'),
(416, 1364, 'ул. Фединца 24'),
(417, 1196, 'пл. Шевченко 4'),
(418, 961, 'ул. Красовского, 16'),
(419, 1374, 'ул. Соборная 57'),
(420, 1211, 'ул. Космонавтов 81а'),
(421, 1173, 'ул. Лычаковская 24а'),
(422, 1196, 'ул. Стависская 65п'),
(423, 1031, 'просп. Мира 55'),
(424, 1106, 'ул. Ивана Федорова 10'),
(425, 1374, 'просп. Мира 72/5'),
(426, 1248, 'ул. Луначарского 27'),
(427, 1133, 'ул. Дружбы, 2'),
(428, 1254, 'ул. Октябрьская 8'),
(429, 1394, 'ул. Ленина 170'),
(430, 1106, 'просп. Московский 21'),
(431, 1106, 'ул. Теодора Драйзера 4'),
(432, 1374, 'ул. Владимирская 49'),
(433, 1211, 'просп. Ленина 74/4'),
(434, 1212, 'ул. Первомайская 1'),
(435, 1131, 'ул. Осипенко, 8 (возле рынка)'),
(436, 1400, 'ул. Главная 2/5'),
(437, 1423, 'ул. Октябрьская 74'),
(438, 1106, 'ул. Вышгородская 45'),
(439, 1106, 'ул. Щербакова 72'),
(440, 1106, 'ул. Драгоманова 40е'),
(441, 1374, 'ул. Институтская 4'),
(442, 1215, 'ул. Красных Партизан 30'),
(443, 1371, 'ул. Академика Павлова, 120ж'),
(444, 1034, 'ул. Фестивальная, 5/1'),
(445, 1225, 'ул. Никиты Головко, 21'),
(446, 1202, 'ул. Духновича 34'),
(447, 1355, 'ул. Ленина 4'),
(448, 1106, 'ул. Лайоша Гавро 9 Д'),
(449, 1106, 'ул. Мате Залки 10'),
(450, 1106, 'ул. Героев Днепра 21'),
(451, 1374, 'ул. Проскуровская 1'),
(452, 1250, 'ул. Революции 34'),
(453, 1130, 'ул. Карла Маркса, 68'),
(454, 1364, 'пл. Корятовича 13'),
(455, 968, 'ул. Привокзальная 9'),
(456, 1106, 'ул. Кудряшова 20в'),
(457, 1106, 'ул. Александра Мишуги 3в'),
(458, 1038, 'ул. Пионерская 69'),
(459, 1364, 'просп. Свободы 3'),
(460, 1359, 'ул. Ленина 46'),
(461, 1106, 'просп. Оболонский 16'),
(462, 1106, 'пер. Музейный 10'),
(463, 1106, 'ул. Маршала Тимошенко 29'),
(464, 1374, 'ул. Камьянецкая 82'),
(465, 1048, 'ул. Карла Маркса 141'),
(466, 1137, 'ул. Щербакова, 5'),
(467, 1150, 'ул. Карла Маркса 46'),
(468, 1106, 'ул. Маршала Малиновского 5'),
(469, 1106, 'просп. Павла Тычины 16/2'),
(470, 1374, 'ул. Заречанская 38'),
(471, 1077, 'ул. Промышленная, 3'),
(472, 1088, 'ул. Мира 216'),
(473, 1334, 'ул. Октябрьская, 76'),
(474, 1106, 'ул. Автозаводская, 18 (заезд с ул. Шахтерской)'),
(475, 1364, 'пл. Шандора Петефи 1'),
(476, 1398, 'ул. Героев Майдану 32'),
(477, 1106, 'ул. Маршала Тимошенко 19'),
(478, 1106, 'ул. Гната Юры 7'),
(479, 1237, 'пр. Маршала Жукова, 4/7'),
(480, 1417, 'просп. Ленина 22'),
(481, 1212, 'ул. Электрометаллургов 210'),
(482, 1357, 'ул. Ленина 25'),
(483, 1106, 'ул. Маршала Тимошенко 13'),
(484, 1031, 'просп. Гагарина 74'),
(485, 1374, 'ул. Проскуровская 53'),
(486, 1094, 'ул. Независимости 29'),
(487, 1410, 'ул. Ленина, 36а'),
(488, 915, 'пер. Торговый 16/1'),
(489, 1044, 'ул. Октябрьская 138'),
(490, 1156, 'ул. Строителей 19а'),
(491, 1106, 'просп. Героев Сталинграда 53б'),
(492, 1031, 'шоссе. Запорожское 60'),
(493, 1374, 'ул. Каменецкая 52'),
(494, 939, 'ул. Ленина 64'),
(495, 1001, 'ул. 1-го Мая 11'),
(496, 1106, 'ул. Северная 46'),
(497, 1031, 'просп. Правды 3'),
(498, 1031, 'ул. Высоцкого 2'),
(499, 1374, 'ул. Заречанская 5/3'),
(500, 941, 'пл. Ленина 2'),
(501, 976, 'ул. Восточная 2'),
(502, 1346, 'ул. Независимости 34'),
(503, 1106, 'просп. Оболонский 52'),
(504, 1374, 'просп. Мира 69'),
(505, 995, 'ул. Героев Врадиивщины 131'),
(506, 1106, 'ул. Героев Днепра 35'),
(507, 1335, 'ул. Попова 13'),
(508, 1145, 'ул. Куйбышева 47'),
(509, 1212, 'ул. Крипака 6'),
(510, 1426, 'ул. Мира 8'),
(511, 1106, 'просп. Голосеевский 70'),
(512, 1031, 'ул. Дзержинского 1/3'),
(513, 1031, 'просп. Кирова 104'),
(514, 1407, 'ул. Героев Небесной Сотни 37/2'),
(515, 1232, 'ул. Ленина 63/33'),
(516, 1106, 'ул. Героев Обороны 11'),
(517, 1031, 'ул. Героев Сталинграда 123'),
(518, 1220, 'ул. Промышленная, 67'),
(519, 1020, 'ул. Первомайская 37'),
(520, 1292, 'ул. Независимости 4'),
(521, 1106, 'просп. Победы 65'),
(522, 1146, 'просп. Гагарина 63'),
(523, 1063, 'ул. Богдана Хмельницкого 8'),
(524, 1364, 'просп. Свободы 2'),
(525, 1106, 'просп. Леся Курбаса 7а'),
(526, 1031, 'ул. Миронова 5'),
(527, 1407, 'ул. Судилковская 1'),
(528, 926, 'ул. Юбилейная 77'),
(529, 1184, 'ул. Свердлова 6'),
(530, 1106, 'ул. Тулузы 3б'),
(531, 1031, 'ул. Рогалева, 14, '),
(532, 1146, 'просп. Карла Маркса 3'),
(533, 1005, 'ул. Центральная 88'),
(534, 1211, 'ул. Декабристов 41'),
(535, 1265, 'пл. Независимости 7'),
(536, 1333, 'ул. Октябрьская 2'),
(537, 1364, 'ул. Швабская 37'),
(538, 1106, 'ул. Прорезная 10'),
(539, 1146, 'ул. Содружества 68а'),
(540, 1278, 'ул. Украинская 75'),
(541, 1281, 'просп. Возрождения 14'),
(542, 1211, 'просп. Ленина 135/2'),
(543, 1249, 'ул. Днепровская, 49'),
(544, 1364, 'ул. Корзо 25'),
(545, 983, 'ул. Максимовича, 15'),
(546, 1324, 'ул. 28-го Июня 6'),
(547, 1211, 'ул. Пушкинская 23/1'),
(548, 1053, 'ул. Ватутина, 55б'),
(549, 1273, 'ул. Лосятинская 20/1'),
(550, 1320, 'пер. Малогородской, 9'),
(551, 1364, 'ул. Грушевского 43/2'),
(552, 1106, 'Киев, ул. Большая Васильковская, 15/2'),
(553, 1106, 'ул. Вышгородская 26/2'),
(554, 1031, 'просп. Калинина 3д'),
(555, 1211, 'просп. Героев Сталинграда 77/1'),
(556, 1348, 'ул. Северина Наливайко 1/1'),
(557, 1382, 'ул. Грушевского 7'),
(558, 1092, 'ул. Пушкина 8'),
(559, 1106, 'ул. Щербакова 53'),
(560, 1146, 'ул. Ватутина 29'),
(561, 996, 'ул. Пушкина 1'),
(562, 1106, 'ул.Электротехническая, 43а'),
(563, 1211, 'просп. Октябрьский 39'),
(564, 1119, 'ул. Грушевского 50'),
(565, 1106, 'ул. Соломенская 14'),
(566, 1146, 'просп. Южный 20'),
(567, 1378, 'ул. Олимпийская 77'),
(568, 1031, 'ул. 20-Летия Победы 22'),
(569, 1211, 'ул. Космонавтов 104а/3'),
(570, 1184, 'ул. Лермонтова 4'),
(571, 1350, 'ул. Русская 17'),
(572, 1106, 'ул. Клеманская, 4'),
(573, 1360, 'ул. Ковельская 1'),
(574, 950, 'ул. 24 Августа 10'),
(575, 1106, 'ул. Васильковская 38'),
(576, 1249, 'ул. Полтавская 127'),
(577, 1110, 'ул. Независимости 52'),
(578, 1295, 'ул. Горького, 103'),
(579, 1417, 'ул. Дружбы Народов 40'),
(580, 1350, 'ул. Леси Украинки 10'),
(581, 1073, 'ул. Независимости 14'),
(582, 1204, 'ул. Княгини Ольги 7'),
(583, 1031, 'просп. Пушкина 55'),
(584, 1249, 'ул. Станкостроителей 20, Прим 1'),
(585, 1358, 'ул. Героев УПА 2'),
(586, 1085, 'ул. Гулия 7'),
(587, 1350, 'ул. 15-го Апреля 8'),
(588, 1091, 'Областной адресный забор и доставка'),
(589, 1012, 'ул. Шевченко 84'),
(590, 1106, 'просп. Правды 19а'),
(591, 1003, 'ул. Георгия Асаки 16'),
(592, 1075, 'ул. Галицкая 22'),
(593, 1243, 'ул. Калинина 39'),
(594, 1075, 'ул. Украинская 5'),
(595, 1167, 'ул. Мира 14'),
(596, 1024, 'ул. 16-го Июля 299'),
(597, 1319, 'ул. Дружбы народов, 15'),
(598, 1106, 'просп. Отрадный 24/93'),
(599, 1227, 'ул. Центральная 35'),
(600, 1052, 'пл. Свободы 3'),
(601, 1031, 'ул. Винокурова, 5'),
(602, 1293, 'пл. Единства 11а'),
(603, 1106, 'бул. Роллана Ромена 7'),
(604, 1249, 'ул. Садовниченко 3-2'),
(605, 1060, 'ул. Бажанского 8'),
(606, 1211, 'ул. Шептицкого 1'),
(607, 961, 'ул. Щелковская, 1'),
(608, 1075, 'ул. Ивасюка 26а'),
(609, 1310, 'ул. Самойловича 1'),
(610, 1220, 'просп. Дружбы 15'),
(611, 1036, 'ул. Михаила Грушевского 11'),
(612, 1106, 'ул. Ломоносова 58'),
(613, 1075, 'пл. Рынок 14'),
(614, 1374, 'ул. Молодежная 6/2'),
(615, 1056, 'ул. Победы 23'),
(616, 1106, 'ул. Волгоградская 41'),
(617, 937, 'ул. Центральная 113'),
(618, 1141, 'ул. Уральская, 126/1'),
(619, 1243, 'ул. Пушкина 11'),
(620, 1075, 'ул. Грюнвальдская 12б'),
(621, 1391, 'просп. Мира 49'),
(622, 1220, 'просп. Победы 7'),
(623, 1249, 'ул. Шевченко 128'),
(624, 1223, 'мкр. Диброва 25/2'),
(625, 1314, 'ул. Ленина, 37'),
(626, 1171, 'ул. Винниченко 25'),
(627, 1171, 'ул. Ершова, 11'),
(628, 1075, 'ул. Хоткевича 63а'),
(629, 1114, 'ул. Грушевского 2'),
(630, 1106, 'ул. Академика Заболотного 20а'),
(631, 1249, 'просп. Шахтостроителей 8'),
(632, 1249, 'ул. Полтавская 128'),
(633, 1394, 'ул. Комарова 14'),
(634, 1152, 'ул. Лесная, 1'),
(635, 1071, 'ул. Обухова, 20'),
(636, 1171, 'ул. Кравчука 17'),
(637, 1075, 'ул. Галицкая 100'),
(638, 1173, 'ул. Городоцкая, 367'),
(639, 1106, 'просп. Науки 9'),
(640, 1394, 'ул. Главная 96'),
(641, 1171, 'просп. Грушевского 3/37'),
(642, 1075, 'ул. Вячеслава Черновола 60/2'),
(643, 1106, 'просп. 40-Л.Октября 130/57'),
(644, 1144, 'ул. Киевская 63'),
(645, 1394, 'ул. Героев Майдана, 4'),
(646, 1301, 'ул. Партизанская, 25, корпус 12 (ст. м. Ладожская)'),
(647, 1075, 'ул. Коновальца 130/3'),
(648, 1173, 'ул. Бузкова, 2'),
(649, 1106, 'просп. Василия Порика 9а'),
(650, 1270, 'ул. Ленина 9/17'),
(651, 936, 'ул. Мукачевская, 190'),
(652, 1394, 'просп. Независимости 127'),
(653, 921, 'ул. Героев Майдана 1а'),
(654, 1291, 'ул. Петлюры 11'),
(655, 1243, 'ул. Лизы Чайкиной 4'),
(656, 1075, 'ул. Волчинецкая Гагарина 167'),
(657, 1371, 'ул. Гвардейцев-Железнодорожников, 15'),
(658, 1144, 'просп. 50-Летия Октября 51'),
(659, 1200, 'ул. Михаила Грушевского 2'),
(660, 1075, 'ул. Северный бульвар имени Пушкина 4'),
(661, 1371, 'ул. Якира, 131'),
(662, 1173, 'с. Малехив, ул. Новая, 20 А'),
(663, 1249, 'ул. Ленинградская 28'),
(664, 1237, 'Промрынок 7 км, центральная автостоянка №1'),
(665, 1058, 'ул. Чумаченко 12'),
(666, 910, 'просп. Ленина 77'),
(667, 1022, 'ул. Пушкина 3'),
(668, 1165, 'ул. Ленина 36'),
(669, 1291, 'ул. Соборная 65'),
(670, 1075, 'ул. Льва Бачинского 4'),
(671, 1058, 'ул. Северо-Кольцевая 17'),
(672, 965, 'ул. Галицкая 49'),
(673, 1208, 'ул. Горького 95'),
(674, 1276, 'ул. Михаила Грушевского 32а'),
(675, 1291, 'ул. Соборная 94'),
(676, 1075, 'ул. Независимости 158'),
(677, 1286, 'Областной адресный забор и доставка'),
(678, 1307, 'ул. Ленина 94'),
(679, 959, 'ул. Гнездовского 1'),
(680, 1242, 'ул. Ленина 107'),
(681, 1300, 'ул. Мазепы 2'),
(682, 1075, 'ул. Галицкая 99'),
(683, 1120, 'ул. Тараса Шевченко 23'),
(684, 1031, 'ул. Криворожская 1'),
(685, 1106, 'ул. Анны Ахматовой 5'),
(686, 1108, 'ул. Преображенская 2'),
(687, 1258, 'ул. Ленина 59'),
(688, 1291, 'ул. Степана Бандеры 59'),
(689, 1031, 'ул. Шевченко 59'),
(690, 1031, 'ул. Мечникова 18'),
(691, 1270, 'ул. Фрунзе 113'),
(692, 938, 'пл. Рынок 5'),
(693, 1362, 'ул. Ленина 79а'),
(694, 1317, 'ул. Данила Галицкого 7'),
(695, 1106, 'ул. Святошинская, 32'),
(696, 1291, 'ул. Вячеслава Черновола 27'),
(697, 1108, 'ул. Преображенская 26/70'),
(698, 1257, 'ул. Гагарина 1а'),
(699, 1075, 'ул. Независимости 99'),
(700, 1031, 'ул. Херсонская 7'),
(701, 1144, 'ул. Ленина 22-19'),
(702, 1118, 'ул. Грушевского 26'),
(703, 983, 'просп. Юности 43а'),
(704, 1058, 'ул. А. Матросова ,15'),
(705, 1194, 'ул. Ленина 68'),
(706, 1129, 'ул. Шевченко, 2'),
(707, 1031, 'просп. Гагарина 72'),
(708, 1106, 'ул. Салютная 15'),
(709, 1143, 'ул. Медовая 5'),
(710, 1169, 'ул. Черняховского, 7'),
(711, 983, 'ул. Фрунзе 4д'),
(712, 1349, 'ул. Маркова 8'),
(713, 1075, 'ул. Независимости 11'),
(714, 1202, 'ул. Фурманова, 21'),
(715, 1031, 'просп. Карла Маркса 19'),
(716, 1106, 'ул. Симиренко 14/9'),
(717, 1106, 'ул. Новоконстантиновская, 22/15'),
(718, 983, 'ул. Соборная 59'),
(719, 1332, 'ул. Красноармейская 8'),
(720, 1120, 'ул. Степана Бандеры 53/4'),
(721, 1106, 'ул. Ленина(бортничи) 29а'),
(722, 983, 'ул. 50-Летия Победы 14'),
(723, 1336, 'ул. Галицкого 25а'),
(724, 1342, 'ул. Богдана Хмельницкого, 46'),
(725, 1349, 'ул. Харьковская 5'),
(726, 1120, 'ул. Ивана Франко 3'),
(727, 1031, 'ул. Чкалова 27'),
(728, 1106, 'просп. Космонавта Комарова 30/28'),
(729, 1158, 'ул. Грушевского 1а'),
(730, 1146, 'ул. Костенко 21'),
(731, 1365, 'ул. Поповича 2/23'),
(732, 1187, 'ул. Фрунзе 11'),
(733, 1185, 'Володарское шоссе, 27 (напротив ТЦ "Метро")'),
(734, 1031, 'ул. Буденного 25'),
(735, 1264, 'ул. Галицкого 67'),
(736, 1350, 'ул. Русская 28-30'),
(737, 1338, 'ул. Колессы, 39а'),
(738, 990, 'ул. Кооперативная 4'),
(739, 1261, 'ул. Ленина 6'),
(740, 1394, 'ул. Заводская 7'),
(741, 1031, 'ул. Пастера 10'),
(742, 1106, 'пл. Соломенская 2'),
(743, 1137, 'ул. Катеринича 16'),
(744, 1351, 'ул. Ленина 29'),
(745, 1120, 'ул. Садовая, 8'),
(746, 998, 'ул. Мазепы 8'),
(747, 1185, 'ул. Ломизова, 1'),
(748, 1106, 'ул. Лятошинского 4'),
(749, 1057, 'ул. Маковея 47'),
(750, 1320, 'ул. Карла Маркса 38'),
(751, 1338, 'ул. Шевченко 71'),
(752, 958, 'ул. Ленина 353'),
(753, 1114, 'ул. Независимости 55'),
(754, 1030, 'просп. Конституции 25'),
(755, 1394, 'ул. Университетская 1'),
(756, 1235, 'ул. Киевская 164'),
(757, 1031, 'ул. Калиновая 1'),
(758, 983, 'пл. Победы 1'),
(759, 1041, '. null'),
(760, 1114, 'ул. Независимости 144'),
(761, 927, 'бул. 50-Летия Победы 137'),
(762, 1031, 'просп. Карла Маркса 67д'),
(763, 983, 'ул. Пирогова 29'),
(764, 1062, 'ул. Грушевского 3'),
(765, 1237, 'ул. Академика Глушко 5'),
(766, 1009, 'ул. Ковельская 1'),
(767, 1394, 'ул. Энтузиастов 3'),
(768, 927, 'ул. Леваневского 46'),
(769, 1091, 'ул. Ленина 3'),
(770, 1197, 'ул. Шевченко 32'),
(771, 1371, 'ул. Роганская, 147'),
(772, 1092, 'площадь Шептицкого, 6'),
(773, 1083, 'ул. Шевченко 3'),
(774, 987, 'ул. Князя Василька 6а'),
(775, 983, 'ул. Р. Скалецкого, 15а'),
(776, 1029, 'ул. Шевченко 10'),
(777, 964, 'бул. Богдана Хмельницкого 2г'),
(778, 1196, 'ул. Пушкинская 57/37'),
(779, 1031, 'ул. Ленинградская 68'),
(780, 983, 'ул. Киевская 31'),
(781, 1270, 'ул. Зеньковская 4'),
(782, 1361, 'пл. Шевченко 18'),
(783, 1031, 'ул. Семафорная 26/3'),
(784, 1185, 'ул. Артема 56'),
(785, 983, 'ул. Ватутина 34/2'),
(786, 1270, 'ул. Октябрьская 29/15'),
(787, 1401, 'ул. Степана Бандеры 20'),
(788, 1220, 'бул. Шевченко 28/12'),
(789, 1394, 'ул. Героев Майдана 71'),
(790, 1031, 'просп. Гагарина 7'),
(791, 1139, 'ул. Свердлова 136'),
(792, 1270, 'ул. Героев Сталинграда 30'),
(793, 1412, 'ул. Энергетическая 2б'),
(794, 1105, 'ул. 17-го Сентября 4'),
(795, 1031, 'ул. Чернышевского 24а'),
(796, 1100, 'ул. Мелитопольская, 83'),
(797, 1309, 'просп. Гвардейский 28б'),
(798, 983, 'пл. Героев Сталинграда 1'),
(799, 1270, 'ул. Октябрьская 26/14'),
(800, 971, 'ул. Чехова, 3А'),
(801, 963, 'пл. Звитяги 1а'),
(802, 1173, 'с. Малехив, ул. Новая, 20а'),
(803, 1183, 'ул. Горького 7а'),
(804, 1030, 'бул. Строителей 26г'),
(805, 1394, 'ул. Александри 1'),
(806, 1031, 'просп. Петровского 45'),
(807, 1237, 'ул. Академика Вильямса 73'),
(808, 983, 'шоссе. Хмельницкое 13'),
(809, 1270, 'ул. Пролетарская 12'),
(810, 1356, 'ул. Независимости 84'),
(811, 1394, 'ул. Небесной Сотни 30'),
(812, 983, 'просп. Коцюбинского 32'),
(813, 1270, 'ул. Чураивны 5-а'),
(814, 1121, 'пл. Ивана Франко 8'),
(815, 1114, 'ул. Адама Мицкевича 3/2'),
(816, 1030, 'ул. Сыровца 18'),
(817, 1350, 'ул. Подольская, 1'),
(818, 1211, 'ул. Малая Морская, 112'),
(819, 983, 'ул. Николая Островского 1'),
(820, 1270, 'ул. Фрунзе 153'),
(821, 1072, 'ул. Шашкевича 3'),
(822, 1079, 'ул. Октябрьская 6/1'),
(823, 1394, 'ул. Главная 18'),
(824, 1031, 'ул. Паникахи 15'),
(825, 983, 'ул. 600-Летия 21'),
(826, 1270, 'ул. Шевченко 52'),
(827, 1079, 'ул. Октябрьская 14'),
(828, 1030, 'просп. Металлургов 4б'),
(829, 1394, 'ул. Русская 252'),
(830, 1211, 'ул. Новозаводская, 24/1'),
(831, 1031, 'ул. Строителей 28'),
(832, 1270, 'ул. Шевченко 1'),
(833, 992, 'ул. Славы 14'),
(834, 1030, 'просп. Ленина 40'),
(835, 1031, 'ул. Героев Сталинграда 134'),
(836, 983, 'ул. Пирогова 111/35'),
(837, 1270, 'ул. Великотырновская 35/2'),
(838, 1253, 'ул. Привокзальная 2а'),
(839, 992, 'ул. Независимости 5'),
(840, 1030, 'ул. Димитрова 16а'),
(841, 1394, 'ул. Калиновская 13а'),
(842, 1043, 'ул. Стефаника, 6'),
(843, 1106, 'ул. Вячеслава Черновола, д.1, АЗС Авиас'),
(844, 983, 'ул. Театральная 7'),
(845, 1403, 'пл. Победы 4'),
(846, 1042, 'ул. Шевченко 23а'),
(847, 1211, 'просп. Ленина 12/1'),
(848, 1147, 'ул. Советская 17'),
(849, 1394, 'ул. Главная 103'),
(850, 1031, 'ул. Метростроевская 3'),
(851, 983, 'ул. Келецкая 122'),
(852, 1169, 'ул. Ярослава Мудрого 17/1'),
(853, 992, 'ул. Независимости 37'),
(854, 1414, 'ул. Кооперативная 33'),
(855, 1394, 'ул. Главная 189'),
(856, 1031, 'ул. Ворошилова 25'),
(857, 1139, 'ул. Шмидта, 202 (склады)'),
(858, 1106, 'ул. Владимира Сосюры 5'),
(859, 1169, 'ул. Ярослава Мудрого 52/25'),
(860, 1209, 'просп. Курчатова 8а'),
(861, 1093, 'ул. Красноармейская 42/1'),
(862, 1256, 'ул. Героев Днепра, ЗЗ'),
(863, 1031, 'просп. Правды 42'),
(864, 1233, 'ул. Шевченко 16'),
(865, 1209, 'просп. Независимости 21а'),
(866, 1031, 'ул. Белостоцкого, 159'),
(867, 1214, 'ул. Заводская, 2р'),
(868, 1106, 'ул. Андрея Малышко 5'),
(869, 982, 'ул. Галицкая 16б'),
(870, 1335, 'ул. Острожского 42'),
(871, 1030, 'просп. Победы 43'),
(872, 1093, 'ул. 30-Летия Победы 2/4'),
(873, 1031, 'ул. Титова 9'),
(874, 1093, 'просп. Грушевского 25'),
(875, 1031, 'ул. Малиновского 34'),
(876, 1106, 'ул. Оноре де Бальзака 16'),
(877, 1375, 'ул. Михаила Грушевского 56'),
(878, 1425, 'ул. Хмельницкая 8/1'),
(879, 1031, 'ул. Лазаряна 2'),
(880, 1106, 'просп. Владимира Маяковского 38/10'),
(881, 1358, 'ул. Стуса 10а'),
(882, 1093, 'ул. Огиенка 59'),
(883, 1106, 'ул. Ванды Василевской 12/16'),
(884, 929, 'ул. Шевченко 57а'),
(885, 1093, 'ул. Огиенка 41'),
(886, 1031, 'просп. Карла Маркса 92'),
(887, 1106, 'ул. Спасская 6'),
(888, 1237, 'пгт. Авангард, ул. Базовая, 11 (рынок 7 км)'),
(889, 1001, 'ул. 50-летия СССР, 15а'),
(890, 985, 'ул. Соборной Украины 9'),
(891, 994, 'пер. Торговый 3а'),
(892, 1106, 'ул. Бориспольская 9'),
(893, 1074, 'пл. Рынок 3'),
(894, 1369, 'ул. Красная 13а'),
(895, 1058, 'ул. Сталеваров 26'),
(896, 1093, 'ул. Князей Кориатовичей 9'),
(897, 1106, 'ул. Филатова 22/8 (заезд с ул. И. Кудри)'),
(898, 1031, 'ул. Шолохова 7'),
(899, 1106, 'бул. Перова 40'),
(900, 1058, 'ул. Бочарова 1'),
(901, 1031, 'ул. Ленина 1, Прим 3'),
(902, 1096, 'Областной адресный забор и доставка'),
(903, 1387, 'ул. Королева 14а'),
(904, 1113, 'ул. Шевченко 24'),
(905, 971, 'ул. Владимирская 13'),
(906, 1058, 'ул. Лермонтова 26'),
(907, 1046, 'ул. Шевченко 59'),
(908, 1031, 'ул. Ширшова 14'),
(909, 1106, 'ул. Серафимовича 13а'),
(910, 1323, 'ул. Шептицкого 93'),
(911, 1017, 'ул. Киевская 44'),
(912, 960, 'ул. Крещатик 4а'),
(913, 1058, 'ул. Счастливая 3'),
(914, 1144, 'ул. Первомайская 27'),
(915, 1106, 'бул. Перова 5'),
(916, 1140, 'Областной адресный забор и доставка'),
(917, 1387, 'ул. Сокальская 7'),
(918, 960, 'ул. 40-Летия Октября 92г'),
(919, 1058, 'просп. Ленина 95'),
(920, 1106, 'ул. Алма-Атинская 2б'),
(921, 1031, 'ул. Паникахи 28'),
(922, 1387, 'ул. Шептицкого 1а'),
(923, 986, 'ул. Святошинская 27б/70'),
(924, 1058, 'просп. Ленина 151'),
(925, 1123, 'ул. Ленина 75'),
(926, 1031, 'ул. Короленко 3'),
(927, 1106, 'ул. Милославская 43'),
(928, 1387, 'ул. Шевченко 14а'),
(929, 1004, 'ул. Ленина 224'),
(930, 1058, 'ул. Энтузиастов 4'),
(931, 1296, 'ул. Померанчука, 13а'),
(932, 1106, 'просп. Владимира Маяковского 73'),
(933, 1106, 'ул. Леонтовича 1'),
(934, 957, 'ул. Киевский Шлях 2/6'),
(935, 1058, 'просп. Ленина 169'),
(936, 1123, 'ул. Ленина 23'),
(937, 1106, 'ул. Градинская 1'),
(938, 1031, 'ул. Героев Сталинграда 36'),
(939, 1106, 'ул. Николая Кибальчича 11в'),
(940, 1337, 'ул. Грушевского 6'),
(941, 924, 'ул. Октябрьская 31/52'),
(942, 1058, 'просп. Ленина 176'),
(943, 1371, 'ул. Маломясницкая 2а'),
(944, 1106, 'ул. Миропольская 27'),
(945, 1031, 'просп. Карла Маркса 46'),
(946, 1106, 'просп. Владимира Маяковского 89б'),
(947, 1014, 'пл. Гайдамаков 21'),
(948, 1144, 'просп. 50-Летия Октября 142'),
(949, 1058, 'ул. Звенигородская 1'),
(950, 1106, 'ул. Николая Закревского 9'),
(951, 1031, 'ул. Рабочая 172'),
(952, 1031, 'просп. Карла Маркса 23'),
(953, 1144, 'просп. 50-Летия Октября 74'),
(954, 940, 'ул. Ленина 118'),
(955, 1058, 'ул. 40-Летия Советской Украины 68-а'),
(956, 946, 'ул. Независимости 44в'),
(957, 1211, 'ул. Малая Морская, 108'),
(958, 1031, 'ул. Шевченко 59'),
(959, 1106, 'ул. Оноре де Бальзака 55б'),
(960, 1419, 'ул. Шашкевича 8а'),
(961, 1256, 'ул. Богдана Хмельницкого 129'),
(962, 1244, 'ул. Гоголя 4'),
(963, 1234, 'ул. Вокзальная 6'),
(964, 1368, 'ул. Ленина 53'),
(965, 1031, 'просп. Правды 74'),
(966, 1144, 'ул. Красина 61-52'),
(967, 1021, 'ул. 3-го Интернационала 58'),
(968, 1207, 'ул. Николая Гоголя 2а'),
(969, 1031, 'ул. Чернышевского 11, Прим 1'),
(970, 1106, 'ул. Ялтинская 5б'),
(971, 1338, 'ул. Майдан Рынок 33/26, 34/5'),
(972, 1256, 'ул. Покровская 47'),
(973, 1268, 'пер. Водопроводный 6'),
(974, 1207, 'пл. Заньковецкой 4'),
(975, 1368, 'ул. Парижской Коммуны 31а'),
(976, 1390, 'бул. Шевченко 305'),
(977, 1146, 'просп. Мира 7'),
(978, 1144, 'ул. Первомайская 2в'),
(979, 1420, 'ул. Независимости 86'),
(980, 1353, 'ул. Шевченко 36/58'),
(981, 1368, 'ул. Шевченко 11/5'),
(982, 1106, 'ул. Ивана Мазепы 14'),
(983, 1173, 'ул. Научная 47'),
(984, 1144, 'просп. 50-Летия Октября 32-10'),
(985, 1065, 'ул. Украинская 47/2'),
(986, 1392, 'ул. Ленина 379'),
(987, 1043, 'ул. Данила Галицкого 11'),
(988, 1368, 'ул. Советская 22'),
(989, 1114, 'ул. Ватутина, 59'),
(990, 1321, 'ул. Тельмана 3'),
(991, 1106, 'ул.Жмеринская, д.1а АЗС Авиас'),
(992, 1144, 'ул. Республиканская 63'),
(993, 1330, 'ул. Леси Украинки 11/15'),
(994, 935, 'шоссе. Мелитопольское 89в'),
(995, 1043, 'ул. Мирогощанская 1'),
(996, 1390, 'ул. Рождественская 43'),
(997, 1144, 'ул. Первомайская 38а'),
(998, 1108, 'ул. 50-Лет Октября 1а'),
(999, 935, 'ул. Мелитопольское 27'),
(1000, 1066, 'ул. Богдана Хмельницкого 11'),
(1001, 1368, 'ул. Интернациональная 1'),
(1002, 962, 'ул. Богуна, 1'),
(1003, 1250, 'ул. Вознесенская, 52 б'),
(1004, 1106, 'ул. Марины Цветаевой 13'),
(1005, 1409, 'ул. Ленина 64'),
(1006, 1106, 'ул. Попудренко 52'),
(1007, 935, 'ул. Дюмина 69/22'),
(1008, 1368, 'пер. Клары Цеткин 3a'),
(1009, 1237, 'ул. Раскидайловская 29'),
(1010, 964, 'ул. Октябрьская 17'),
(1011, 1270, 'ул.Половка, 68'),
(1012, 935, 'ул. Шмидта 14 / 47'),
(1013, 1127, 'ул. Киевская 61'),
(1014, 1053, 'ул. Киевская 77'),
(1015, 1237, 'ул. Садовая 7'),
(1016, 1083, 'ул. Карла Маркса 33а'),
(1017, 999, 'ул. Гетьманская 49'),
(1018, 1106, 'ул. Мате Залки 8'),
(1019, 1097, 'Областной адресный забор и доставка'),
(1020, 935, 'ул. Свободы 73/8'),
(1021, 1195, 'ул. Ватутина 36'),
(1022, 1053, 'ул. Киевская 84'),
(1023, 1237, 'ул. Черняховского 5'),
(1024, 1279, 'ул. Ленина 32'),
(1025, 1106, 'просп. Победы 39'),
(1026, 935, 'ул. Победы 45/36'),
(1027, 1237, 'ул. Гайдара 24а'),
(1028, 1109, 'ул. Центральная 44а'),
(1029, 952, 'ул. Шевченко 96'),
(1030, 998, 'ул. Шолуденко 6в'),
(1031, 935, 'ул. Свободы 38-з'),
(1032, 1053, 'ул. Киевская 28'),
(1033, 1106, 'просп. Владимира Маяковского 26'),
(1034, 1245, 'ул. Ленина 19-а'),
(1035, 935, 'ул. Дюмина 52/проспект Ленин'),
(1036, 1246, 'ул. Мануильского 2'),
(1037, 1053, 'ул. Большая Бердичевская 5'),
(1038, 1291, 'ул. Князя Владимира, 112А'),
(1039, 1237, 'просп. Маршала Жукова 13'),
(1040, 1369, 'ул. Кирова, 34'),
(1041, 1371, 'ул. Академика Павлова 309'),
(1042, 1169, 'ул. Советская 27-49'),
(1043, 961, 'ул. Гагарина 9'),
(1044, 935, 'ул. Павлика Морозова 15'),
(1045, 1283, 'ул. Александра Невского 10'),
(1046, 1053, 'ул. Большая Бердичевская 42'),
(1047, 1237, 'ул. Пушкинская 69'),
(1048, 983, 'просп. Космонавтов 36а'),
(1049, 1078, 'пер. Бирюзовый, 1Б'),
(1050, 1376, 'ул. Карла Маркса 70-1'),
(1051, 961, 'ул. Грушевского 9/1'),
(1052, 1275, 'ул. Пролетарская 106'),
(1053, 1291, 'ул. Киевская 21'),
(1054, 989, 'ул. Ленина, 13'),
(1055, 1053, 'ул. Победы 4'),
(1056, 1291, 'ул. Орлова, 2 / Соборная, 2'),
(1057, 1237, 'ул. Новосельского 93'),
(1058, 1030, 'просп. Ленина 49'),
(1059, 1290, 'ул. Ленина 11'),
(1060, 1318, 'ул. Ярослава Мудрого, 19'),
(1061, 1421, 'ул. Ленина 99'),
(1062, 1016, 'ул. Независимости 80а'),
(1063, 1053, 'ул. Ивана Кочерги 6'),
(1064, 1053, 'Смолянский майдан, 3'),
(1065, 1237, 'ул. Новосельского 59'),
(1066, 1030, 'ул. Маршала Жукова 13-38'),
(1067, 1270, 'ул. Ляхова 1'),
(1068, 1188, 'просп. Богдана Хмельницкого 46б'),
(1069, 1002, 'ул. Ленина 10'),
(1070, 1030, 'ул. Глагольева 25'),
(1071, 1146, 'ул. Тухачевского 63/19'),
(1072, 1193, 'ул. Сорочинская 2'),
(1073, 1188, 'ул. Богдана Хмельницкого 66'),
(1074, 1025, 'ул. Кооперативная 5'),
(1075, 1053, 'ул. Житний Рынок 1'),
(1076, 1030, 'просп. Ленина 91'),
(1077, 1098, 'ул. Ленина 42/2'),
(1078, 1188, 'ул. Карла Маркса 20/1'),
(1079, 913, 'пл. Ленина 4'),
(1080, 1053, 'ул. Черняховского 96'),
(1081, 1371, 'ул. Клочковская, 370'),
(1082, 1051, 'ул. Богуна, 141'),
(1083, 1146, 'ул. 23-го Февраля 56'),
(1084, 1146, 'ул. Мелешкина 40'),
(1085, 1139, 'ул. Добропольская, 2'),
(1086, 1188, 'просп. 50-Летия Победы 29'),
(1087, 934, 'ул. Евпрпейская 132'),
(1088, 1053, 'ул. Гоголевская 4'),
(1089, 1146, 'ул. Адмирала Головко 40'),
(1090, 1146, 'ул. Корнейчука 21'),
(1091, 1053, 'ул. Домбровского 38'),
(1092, 1146, 'ул. Погребняка 15'),
(1093, 1146, 'ул. Ватутина 31'),
(1094, 1371, 'ул. Кононенко, ряд 21А место 7'),
(1095, 1270, 'ул. Калинина 37'),
(1096, 934, 'ул. Вячеслава Черновола 18'),
(1097, 1237, 'ул. Черноморского казачества, 80'),
(1098, 1146, 'ул. Ватутина 68'),
(1099, 1146, 'ул. Димитрова 35'),
(1100, 1053, 'бул. Старый 2/26'),
(1101, 1053, 'ул. Щорса 125'),
(1102, 1146, 'ул. 23-го Февраля 24'),
(1103, 1146, 'ул. Лермонтова 29'),
(1104, 1070, 'ул. Октябрьская 30'),
(1105, 1129, 'ул. Сосновского 29'),
(1106, 1295, 'бул. Шевченко 8'),
(1107, 945, 'ул. Дзержинского 36а'),
(1108, 986, 'ул. Промышленная, 5'),
(1109, 1069, 'ул. Змиевская, 38'),
(1110, 1129, 'пл. Базарная 4в'),
(1111, 1053, 'ул. Победы 99'),
(1112, 1295, 'ул. Соборная 8'),
(1113, 1146, 'ул. Кремлевская 7'),
(1114, 1225, 'ул. Советская 20'),
(1115, 1144, 'ул. 60лет Октября,172'),
(1116, 1219, 'ул. Славы 45'),
(1117, 1053, 'просп. Мира 21'),
(1118, 1146, 'мкр. 7-й Заречный 19'),
(1119, 1212, 'просп. Трубников 54'),
(1120, 1053, 'ул. Бородия 49 В'),
(1121, 1295, 'ул. Маяковского 67/74'),
(1122, 1236, 'ул. Репкина, 14'),
(1123, 1212, 'ул. Шевченко 231'),
(1124, 1260, 'ул. Ильича 41а'),
(1125, 1129, 'ул. Грушевского 17'),
(1126, 1053, 'ул. Витрука 15'),
(1127, 1031, 'ул. Набережная Заводская 9'),
(1128, 1295, 'ул. Шевченко 7/1'),
(1129, 1146, 'просп. Гагарина 27, Прим10'),
(1130, 1212, 'ул. Трубников 1'),
(1131, 1108, 'пл. Дружбы Народов 1'),
(1132, 1130, 'ул. Большевистская 66'),
(1133, 1124, 'ул. Ватутина 3'),
(1134, 1312, 'ул. Рубцова, 44'),
(1135, 1146, 'ул. Косиора 7, Прим18'),
(1136, 1266, 'ул. Центральная 46'),
(1137, 1037, 'ул. Ленина 21'),
(1138, 1380, 'ул. Ивана Франка, 197'),
(1139, 1053, 'ул. Витрука 45'),
(1140, 1124, 'ул. Клубная 95'),
(1141, 1146, 'ул. Коротченко 7б'),
(1142, 1325, 'ул. Гагарина 4/1'),
(1143, 920, 'ул. 50 лет Октября, 11'),
(1144, 1181, 'ул. Винниченко 20'),
(1145, 1053, 'ул. Большая Бердичевская 95'),
(1146, 912, 'ул. Красноармейская, 15'),
(1147, 1339, 'ул. Харьковская, 107/1'),
(1148, 1146, 'ул. Мелешкина 18'),
(1149, 1381, 'ул. 50-Летия Октября 5'),
(1150, 1302, 'ул. Ткача, 12'),
(1151, 1122, 'ул. Калинина 15/3'),
(1152, 1371, 'ул. Деревянко 7'),
(1153, 1188, 'ул. Дзержинского 21/2'),
(1154, 934, 'ул. 9-го Января 9'),
(1155, 1146, 'мкр. Юбилейный 4, Прим101'),
(1156, 1255, 'ул. Шевченко 42'),
(1157, 1224, 'ул. Поповкина 35'),
(1158, 1302, 'ул. Широкая 22'),
(1159, 1181, 'ул. Юрия Гагарина 4'),
(1160, 1124, 'ул. Шевченко 73'),
(1161, 1146, 'ул. Косиора 94'),
(1162, 993, 'ул. Ленина 65'),
(1163, 1033, 'ул. Ленина 107'),
(1164, 1106, 'ул. Академика Королёва 8'),
(1165, 942, 'ул. Андреевская 46а'),
(1166, 1222, 'ул. Героев Майдана, 3'),
(1167, 1146, 'бул. Вечерний 18/253'),
(1168, 1239, 'ул. Лагонды 30'),
(1169, 1322, 'ул. Казакова 45'),
(1170, 1222, 'ул. Пушкина 9'),
(1171, 1124, 'ул. Ленина 2'),
(1172, 1146, 'просп. Победы 35'),
(1173, 1054, 'ул. Киевская, 18'),
(1174, 1171, 'ул. Карбышева, 2'),
(1175, 1180, 'ул. Октябрьская 79'),
(1176, 1133, 'ул. Руданского 5'),
(1177, 1056, 'ул. Ленина 4б'),
(1178, 1106, 'ул. Константиновская 71'),
(1179, 1171, 'ул. Привокзальная, 12'),
(1180, 1229, 'ул. Ленина 43'),
(1181, 1236, 'ул. Советская 42'),
(1182, 1339, 'ул. Курская 111'),
(1183, 1148, 'ул. Роменца 9'),
(1184, 1146, 'ул. Димитрова 61'),
(1185, 1199, 'ул. Иловайская, 3 (метро «Марьино»)'),
(1186, 1271, 'ул. Победы 83'),
(1187, 1045, 'ул. Макаровская 7'),
(1188, 1236, 'ул. Советская 98/11'),
(1189, 1339, 'ул. Горького 5а'),
(1190, 1146, 'ул. Орджоникидзе 9, Прим1б'),
(1191, 1217, 'ул. Ленина 1'),
(1192, 911, 'ул. Ленина 96'),
(1193, 1285, 'ул. Независимости 10'),
(1194, 1312, 'ул. Гурзуфская 8а, офис 16'),
(1195, 1339, 'ул. Харьковская 32'),
(1196, 1206, 'ул. Шевченко 7'),
(1197, 1146, 'ул. Харитонова 7'),
(1198, 1070, 'ул. Калинина 118в'),
(1199, 1037, 'ул. Новая 102'),
(1200, 988, 'ул. Соборная 49'),
(1201, 1238, 'ул. Кооперативная 1'),
(1202, 1339, 'ул. Петропавловская 60'),
(1203, 1161, 'ул. Ленина 40'),
(1204, 1000, 'ул. Воровского 20'),
(1205, 1111, 'ул. Центральная 10а'),
(1206, 1282, 'пл. Соборная 2/4'),
(1207, 1146, 'мкр. 5-й Заречный 5, Прим65'),
(1208, 1108, 'ул. Яновского 155'),
(1209, 1152, 'мкр. Строителей, Д.72'),
(1210, 1339, 'ул. Ильинская 12'),
(1211, 1159, 'пл. Интернациональная 1'),
(1212, 1146, 'просп. Победы 28'),
(1213, 1420, 'Областной адресный забор и доставка'),
(1214, 1144, 'ул. 60-Летия Октября 19'),
(1215, 1108, 'ул. 50-Лет Октября 16'),
(1216, 1152, '. 5-а'),
(1217, 922, 'ул. Ленина 4а'),
(1218, 1193, 'ул. Данила Апостола, 38'),
(1219, 1091, 'ул. Железнодорожная, 164'),
(1220, 1159, 'ул. Первогвардейская 34/1'),
(1221, 928, 'ул. Гагарина, 33'),
(1222, 1146, 'ул. Федоренко 5а, Прим15'),
(1223, 1058, 'ул. Чумаченко 37, Улица Малинов'),
(1224, 1108, 'ул. Набережная 13'),
(1225, 991, 'ул. Ленина 26'),
(1226, 1339, 'ул. Казацкий Вал 1'),
(1227, 1137, 'ул. Школьная 7'),
(1228, 983, 'ул. Р. Скалецкого, 15а'),
(1229, 1058, 'ул. Кияшко 12'),
(1230, 1108, 'пер. Декабристов 7'),
(1231, 1049, 'ул. Ленина 25'),
(1232, 1339, 'ул. Роменская 81'),
(1233, 1357, 'ул. Горького 26'),
(1234, 1209, 'ул. Шевченко, 26'),
(1235, 1108, 'просп. Правды 2г'),
(1236, 1339, 'ул. Герасима Кондратьева 160'),
(1237, 918, 'ул. Батюка 32'),
(1238, 1137, 'ул. Парковая 30'),
(1239, 1058, 'просп. Ленина 86'),
(1240, 1108, 'ул. Беляева 2'),
(1241, 1170, 'ул. Карла Маркса 18'),
(1242, 1339, 'просп. Михаила Лушпы 22/1'),
(1243, 1137, 'ул. Дворцовая 57'),
(1244, 935, 'ул. Правды, 80'),
(1245, 1108, 'ул. Октябрьской Революции 37/16'),
(1246, 1174, 'ул. Ленина 40'),
(1247, 1106, 'ул. Червонопрапорная, 135'),
(1248, 1339, 'ул. Троицкая 26'),
(1249, 918, 'ул. Октябрьская 13'),
(1250, 1137, 'ул. Шкадинова 10'),
(1251, 1146, 'пл. Освобождения, 1к ТЦ Центроград'),
(1252, 1058, 'ул. Ленина 109а'),
(1253, 1108, 'ул. Космонавта Попова 9'),
(1254, 1205, 'ул. Ленина 146'),
(1255, 1237, 'ул. Шота Руставели, 7'),
(1256, 1137, 'ул. Ленина 24'),
(1257, 1108, 'ул. Славы 20'),
(1258, 1272, 'ул. Богдана Хмельницкого 32'),
(1259, 1339, 'ул. Петропавловская 47/1, 49'),
(1260, 955, 'ул. Шевченко 16'),
(1261, 918, 'ул. Киевская 94'),
(1262, 1371, 'ул. Артема 1'),
(1263, 1058, 'просп. Ленина 36'),
(1264, 1108, 'ул. Большая Пермская 42'),
(1265, 1294, 'ул. Ленина 2/87'),
(1266, 1339, 'ул. Харьковская 4'),
(1267, 925, 'ул. Октябрьская 31'),
(1268, 954, 'ул. Грайворонская 15'),
(1269, 1417, 'ул. Дружбы народов, 5/5'),
(1270, 1108, 'ул. Большая Перспективная 40'),
(1271, 1064, 'ул. 1-го Мая, 27'),
(1272, 1339, 'ул. Харьковская 100'),
(1273, 1142, 'ул. Сумская 6'),
(1274, 1166, 'ул. 3-й Микрорайон 38/4'),
(1275, 1014, 'ул. Грушевского 88'),
(1276, 1058, 'ул. 8-го Марта 28'),
(1277, 1108, 'ул. Волкова 11б'),
(1278, 1299, 'ул. Бурды 70'),
(1279, 1371, 'просп. Ленина 38'),
(1280, 1026, 'ул. Мира 38'),
(1281, 1058, 'ул. Космическая 87'),
(1282, 1108, 'ул. Короленко 40'),
(1283, 1386, 'ул. Карла Маркса 6а'),
(1284, 1339, 'ул. Воскресенская 13/7'),
(1285, 1339, 'просп. Михаила Лушпы 22'),
(1286, 1371, 'просп. 50 лет СССР 12'),
(1287, 1357, 'пл. 40-й Армии 2'),
(1288, 1269, 'ул. Леси Украинки 93а'),
(1289, 1108, 'ул. Героев Сталинграда 16/17'),
(1290, 1339, 'ул. 1-я Набережная Р.стрелки 10'),
(1291, 1339, 'ул. Покровская 2'),
(1292, 1339, 'ул. Кондратьева, 106 (бывшая ул. Кирова)'),
(1293, 1166, 'пер. Севастопольский, 2б'),
(1294, 1371, 'ул. 23-го Августа 51'),
(1295, 1160, 'ул. 50-Летия Октября 14/2'),
(1296, 1058, 'ул. Новокузнецкая 12'),
(1297, 1108, 'ул. Дворцовая 28'),
(1298, 1397, 'ул. Коростеньская 6'),
(1299, 1339, 'просп. Тараса Шевченко 4'),
(1300, 1371, 'ул. Ахсарова 19а'),
(1301, 1345, 'ул. Ленина 45'),
(1302, 1058, 'ул.Котляревского, дом.1 В, АЗС Авиас'),
(1303, 1108, 'ул. Пашутинская 54/55'),
(1304, 1319, 'просп. Дружбы Народов 11а'),
(1305, 1339, 'ул. Петропавловская 76'),
(1306, 1371, 'просп. Юрия Гагарина 176'),
(1307, 1138, 'ул. Грушевского 61а'),
(1308, 1058, 'ул. Авраменко 13'),
(1309, 1319, 'кв-л. Бакинский 1'),
(1310, 1339, 'ул. Марка Вовчок 1'),
(1311, 1403, 'Областной адресный забор и доставка'),
(1312, 1339, 'ул. Харьковская 12'),
(1313, 1106, 'ул. Червонопрапорная, 135, 4 этаж'),
(1314, 1100, 'ул. Карла Маркса 134'),
(1315, 1108, 'ул. Степняка-Кравчинского 1'),
(1316, 1371, 'ул. Кононенко, Восточная сторона, магазин 17п'),
(1317, 1086, 'ул. Коваля 3'),
(1318, 932, 'ул. Старопутивльская 28'),
(1319, 1237, 'ул. Дальницкая, 50/17'),
(1320, 1371, 'ул. Пушкинская 50/52'),
(1321, 1390, 'ул. Гагарина 47'),
(1322, 1214, 'ул. Гагарина 4'),
(1323, 1070, 'ул. Трудовая 13а'),
(1324, 1339, 'ул. Металлургов 13'),
(1325, 1371, 'ул. Академика Проскуры 3-в'),
(1326, 1321, 'ул. Октябрьская 11'),
(1327, 1046, 'ул. Шевченко, 121а'),
(1328, 1274, 'ул. Юрия Коптева 59'),
(1329, 932, 'ул. Макаренко 7'),
(1330, 1371, 'ул. Блюхера 29-Б'),
(1331, 1321, 'ул. Репина 51'),
(1332, 1368, 'ул. М. Зализняка, 6в'),
(1333, 1390, 'ул. Вернигоры 12'),
(1334, 1372, 'просп. Ушакова 91'),
(1335, 910, 'просп. Ленина 6'),
(1336, 1274, 'ул. Киевская 277/1'),
(1337, 1339, 'ул. Роменская 88/13'),
(1338, 1277, 'ул. Свердлова 36'),
(1339, 1371, 'ул. Гиршмана 4'),
(1340, 1390, 'ул. Свердлова, 108'),
(1341, 1390, 'ул. Вячеслава Черновола 164'),
(1342, 1240, 'ул. 50-Летия Октября 25'),
(1343, 1274, 'ул. Вокзальная 6'),
(1344, 1339, 'ул. Засумская 1'),
(1345, 1371, 'просп. Правды 7'),
(1346, 1321, 'ул. Ленина 35'),
(1347, 1146, 'ул. Тихвинская, 1а'),
(1348, 1390, 'ул. Ильина 334'),
(1349, 1372, 'ул. Перекопская 20'),
(1350, 1185, 'ул. Итальянская, 40'),
(1351, 1307, 'ул. Ленина 19'),
(1352, 969, 'ул. Шевченко 81'),
(1353, 1006, 'ул. Терещенков 44'),
(1354, 1371, 'ул. Сумская 96'),
(1355, 924, 'Областной адресный забор и доставка'),
(1356, 1390, 'ул. Крещатик 190'),
(1357, 1383, 'ул. Гвардейская 23'),
(1358, 1262, 'ул. Первомайская 31'),
(1359, 1006, 'ул. Циолковского 6'),
(1360, 987, 'ул. 20 июля, 8А'),
(1361, 1371, 'просп. Юрия Гагарина 43/1'),
(1362, 1321, 'ул. Ленина 80'),
(1363, 1390, 'ул. Смирнова 6'),
(1364, 927, 'ул. Турчанинова 11'),
(1365, 1372, 'пер. Строителей 19'),
(1366, 1331, 'ул. Калинина 5'),
(1367, 1350, 'ул. За Рудкой 35'),
(1368, 1374, 'ул. Шевченко 64'),
(1369, 1390, 'ул. Парижской Коммуны 37'),
(1370, 1036, 'ул. Б.Хмельницкого, 25'),
(1371, 1100, 'ул. Ворошилова 7'),
(1372, 1010, 'ул. Ленина 46'),
(1373, 1106, 'просп. Георгия Гонгадзе 5'),
(1374, 1128, 'ул. Почтовая 9'),
(1375, 1311, 'ул. Коммунистическая 24'),
(1376, 1371, 'просп. Московский 276-б'),
(1377, 1350, 'ул. Живова 40'),
(1378, 1237, 'Рынок 7-ой км, Складская торгово-разгрузочная площадка №4 (Гора), контейнер №4173'),
(1379, 1135, 'ул. Котовского, 14а'),
(1380, 1372, 'ул. 9-го Января 30'),
(1381, 1367, 'ул. Ленина 60'),
(1382, 1058, 'ул. Карпенко-Карого, 47 (Склады "ТАКО", заезд с трассы)'),
(1383, 1106, 'бул. Академика Вернадского 79'),
(1384, 1190, 'ул. Красная Площадь 7'),
(1385, 1106, 'ул. Радищева, 12/16 (заезд с пер. Радищева)'),
(1386, 1306, 'ул. Куйбышева 4'),
(1387, 1371, 'просп. Московский 214/2'),
(1388, 1371, 'ул. Матросова, 20'),
(1389, 1390, 'ул. Героев Сталинграда 38'),
(1390, 1372, 'просп. 200-Летия Херсона 32'),
(1391, 1371, 'ул. Пушкинская 10'),
(1392, 1106, 'ул. Полярная 20-Д (в здании Эпицентра)'),
(1393, 1413, 'ул. Железнодорожная 2'),
(1394, 1423, 'ул. Боженко 52'),
(1395, 1371, 'пл. Свободы 5'),
(1396, 1350, 'ул. Шептицкого 4а'),
(1397, 1371, 'ул. Красноармейская 8/10а'),
(1398, 1289, 'ул. Святониколаевская 104'),
(1399, 998, 'ул. Ватутина, 100 А'),
(1400, 1350, 'ул. Шептицкого 11'),
(1401, 1112, 'ул. Центральная 10'),
(1402, 1390, 'ул. 30-Летия Победы 22'),
(1403, 1372, 'ул. Мира 18'),
(1404, 1106, 'ул. Червонопрапорная, 135, 4 этаж'),
(1405, 1371, 'просп. Московский 199/1'),
(1406, 1391, 'ул. Шевченко 53'),
(1407, 1339, 'ул. Черепина 60'),
(1408, 1370, 'ул. Маршала Ерёменко, 11'),
(1409, 1371, 'ул. Гвардейцев Широнинцев 15/46'),
(1410, 1350, 'ул. Мазепы 7'),
(1411, 1318, 'пл. Шевченко 6'),
(1412, 1372, 'ул. Патона 4'),
(1413, 1371, 'ул. Доброхотова Академика 15'),
(1414, 1410, 'ул. Карла Маркса 24'),
(1415, 1168, 'ул. Победы, 11'),
(1416, 1140, 'ул. Полтавская 85'),
(1417, 1350, 'ул. Вячеслава Черновола 17'),
(1418, 1390, 'бул. Шевченко 320'),
(1419, 1214, 'просп. Победы 18'),
(1420, 1371, 'пер. Косиора 91'),
(1421, 1391, 'ул. Рокоссовского 39'),
(1422, 1106, 'ул. Якира 8'),
(1423, 1410, 'ул. Карла Маркса 19'),
(1424, 1030, 'ул. Малая Садовая, 19 А (Оптовая база "На Широкой"'),
(1425, 1350, 'просп. Степана Бандеры 38'),
(1426, 1318, 'ул. Соборности 17'),
(1427, 1390, 'бул. Шевченко 241'),
(1428, 1372, 'просп. 200-Летия Херсона 15'),
(1429, 1371, 'ул. Ахсарова 16'),
(1430, 1146, 'ул Отто Брозовского, 85'),
(1431, 1116, 'ул. Комсомольская 12'),
(1432, 1106, 'ул. Волошская 32/34'),
(1433, 1154, 'пл. Ленина 34/1'),
(1434, 1133, 'ул. Грушевского 28'),
(1435, 1390, 'ул. Добровольского 20'),
(1436, 1100, 'ул. Мелитопольская 85'),
(1437, 1078, 'ул. Советская 7/18'),
(1438, 916, 'ул. Сибирцева, 2'),
(1439, 1106, 'ул. Марины Расковой 19'),
(1440, 1031, 'ул. Винокурова, 5'),
(1441, 919, 'ул. Ленина 85'),
(1442, 1350, 'ул. Чалдаева 2'),
(1443, 1372, 'ул. Илюши Кулика 149/29'),
(1444, 1166, 'ул. Розы Люксембург 50'),
(1445, 1078, 'ул. Соборная 16'),
(1446, 1350, 'ул. Киевская 11'),
(1447, 940, 'Областной адресный забор и доставка'),
(1448, 1131, 'ул. Ленина 27'),
(1449, 1372, 'ул. Перекопская 156а'),
(1450, 1106, 'ул. Некрасовская 1'),
(1451, 1410, 'ул. Ленина 5'),
(1452, 1031, 'ул. Краснопольская, 23а'),
(1453, 1251, 'ул. 1/2 Микрорайон 35'),
(1454, 1350, 'ул. Сагайдачного 2'),
(1455, 1405, 'пер. 50-Летия Победы 6'),
(1456, 1371, 'просп. Фрунзе 24/31'),
(1457, 1106, 'ул. Никольско-Ботаническая 2/14'),
(1458, 1098, 'Областной адресный забор и доставка'),
(1459, 1366, 'просп. Днепровский 23'),
(1460, 1177, 'ул. Джерелянская 2'),
(1461, 1350, 'ул. Симоненко 1а'),
(1462, 1214, 'просп. Днепровский 13'),
(1463, 1321, 'ул. Октябрьская, 77'),
(1464, 1115, 'ул. Ленина 111');
INSERT INTO `stores` (`id`, `cities_id`, `name`) VALUES
(1465, 1031, 'ул. Квитки-Основьяненко, 5'),
(1466, 1300, 'ул. Шевченко 52/9'),
(1467, 987, 'ул. Ковельская 71'),
(1468, 1372, 'просп. Ушакова 46'),
(1469, 920, 'ул. Котовского 187а'),
(1470, 1106, 'ул. Красноткацкая 29'),
(1471, 1235, 'ул. Киевская 1/3'),
(1472, 967, 'просп. Советской Армии 7'),
(1473, 1350, 'ул. Русская 19'),
(1474, 1015, 'ул. Шевченко 41'),
(1475, 1106, 'ул. Михайловская 18'),
(1476, 1369, 'ул. Соборная 10'),
(1477, 1031, 'ул. Свердлова, 33'),
(1478, 1106, 'ул. Вискозная, 32'),
(1479, 1023, 'ул. Советская 21'),
(1480, 1350, 'ул. Старый Рынок 1'),
(1481, 1096, 'пл. Культуры 1'),
(1482, 1013, 'ул. Мира 50'),
(1483, 1106, 'ул. Шота Руставели 24'),
(1484, 1072, 'ул. Комсомольская 44а'),
(1485, 1175, 'ул. Независимости 60'),
(1486, 1106, 'ул. Белорусская 32'),
(1487, 927, 'ул. Николая Гоголя 23а'),
(1488, 1101, 'ул. Волошина 8/8'),
(1489, 1350, 'просп. Степана Бандеры 96'),
(1490, 1164, 'ул. Свердлова, 131б'),
(1491, 1350, 'ул. Леся Курбаса, 5ч'),
(1492, 1176, 'ул. Независимости 28а'),
(1493, 1124, 'ул. Садовая, 16'),
(1494, 1372, 'ул. Димитрова 10'),
(1495, 1106, 'ул. Институтская 17/5'),
(1496, 1274, 'ул. Киевская, 371'),
(1497, 1390, 'бул. Шевченко 150'),
(1498, 1136, 'ул. Понаморева, 13'),
(1499, 927, 'ул. Таращанская 161'),
(1500, 1191, 'ул. Савченко 2'),
(1501, 1390, 'ул. Университетская 33'),
(1502, 1089, 'ул. П. Орлика, 12'),
(1503, 1106, 'пер.Ахтырский, д.7,Форум Виктория Парк'),
(1504, 1106, 'ул. Фрунзе 104а'),
(1505, 1213, 'ул. Кооперативная 4'),
(1506, 1286, 'ул. Каштановая 17'),
(1507, 1314, 'ул. Коммунаров 66'),
(1508, 1106, 'ул. Пушкинская 25а'),
(1509, 927, 'ул. Богдана Хмельницкого 2/9'),
(1510, 1304, 'ул. Ленина 6'),
(1511, 1390, 'ул. Байды-Вишневецкого 40'),
(1512, 1139, 'ул. Горького, 106а'),
(1513, 1106, 'ул. Энтузиастов 7'),
(1514, 910, 'ул. Дибровы, 16'),
(1515, 927, 'ул. Олеся Гончара 11'),
(1516, 1402, 'ул. Карла Либкнехта 27а'),
(1517, 1390, 'ул. Ленина 28'),
(1518, 989, 'ул. Октябрьской Революции 18/3'),
(1519, 1106, 'ул. Автозаводская 99/4'),
(1520, 1194, 'Областной адресный забор и доставка'),
(1521, 1285, 'ул. Пионерская 1'),
(1522, 1372, 'ул. Ладычука, 150'),
(1523, 1061, 'ул. Свердлова 21'),
(1524, 1211, 'просп. Октябрьский 305а'),
(1525, 1390, 'ул. Громова, 138/11 (бывшая овощная база)'),
(1526, 1106, 'ул. Кутузова 2'),
(1527, 923, 'ул. Первомайская 6'),
(1528, 1390, 'ул. Вячеслава Черновола 122/41'),
(1529, 1106, 'просп. Воздухофлотский, 11/15'),
(1530, 1316, 'ул. Шолом-Алейхема 16'),
(1531, 1372, 'пер. Янтарный, 1'),
(1532, 1390, 'ул. Сумгаитская 24'),
(1533, 1368, 'ул. Индустриальная, 14'),
(1534, 1211, 'ул. Веселиновская 14а'),
(1535, 1106, 'ул. Симона Петлюры 22'),
(1536, 1179, 'ул. Фрунзе 31/1'),
(1537, 947, 'пл. Кирова 16'),
(1538, 1031, 'ул. Батумская 11'),
(1539, 989, 'ул. 60-Летия Октября 6/68'),
(1540, 1050, 'ул. Победы, 1'),
(1541, 960, 'ул. Белогородская 134'),
(1542, 1374, 'ул. Шевченко, 68'),
(1543, 1031, 'ул. Героев Сталинграда 109'),
(1544, 1030, 'ул. Днепростроевская 2'),
(1545, 931, 'ул. Независимости 168'),
(1546, 1211, 'ул. Красных Маевщиков 13/2'),
(1547, 1106, 'ул. Маршала Жукова 29'),
(1548, 1237, 'ул. Успенская 22'),
(1549, 1087, 'Областной адресный забор и доставка'),
(1550, 1211, 'ул. Строителей 10/2'),
(1551, 1106, 'бул. Леси Украинки 34'),
(1552, 1341, 'ул. Шевченко 11'),
(1553, 1374, 'ул. Геологов, 10'),
(1554, 1237, 'пл. Греческая 1'),
(1555, 978, 'просп. Ленина 18'),
(1556, 1211, 'просп. Октябрьский 22/1'),
(1557, 1106, 'ул. Институтская 14'),
(1558, 1151, 'ул. Балукова 14'),
(1559, 1237, 'ул. Варненская 7г'),
(1560, 978, 'ул. Титова 5'),
(1561, 1371, 'ул. Котлова, 185'),
(1562, 1132, 'ул. Независимости 42'),
(1563, 1211, 'ул. Космонавтов 142'),
(1564, 1106, 'ул. Борщаговская 128'),
(1565, 986, 'ул. Октябрьская 12'),
(1566, 1102, 'ул. Бессарабовская 48'),
(1567, 980, 'ул. Ленина 67'),
(1568, 1352, 'ул. Макухи 14а'),
(1569, 1399, 'ул. Богдана Хмельницкого 3/2'),
(1570, 1371, 'ул. Роганская, 147'),
(1571, 1211, 'ул. Генерала Карпенко 43'),
(1572, 1313, 'ул. Воровского 18'),
(1573, 1106, 'ул. Хорива 1 А'),
(1574, 986, 'ул. Зеленая 17'),
(1575, 983, 'ул. Пирогова 52а'),
(1576, 1237, 'ул. Краснослободская 88'),
(1577, 1211, 'ул. Васляева 51'),
(1578, 1059, 'ул. Леси Украинки 5'),
(1579, 1387, 'ул. Богдана Хмельницкого, 61'),
(1580, 1252, 'ул. Сечевых Стрелков 30'),
(1581, 1309, 'пр. Гвардейский, 63г'),
(1582, 972, 'ул. Партизанская 151'),
(1583, 1106, 'ул. Никольско-Слободская 2в'),
(1584, 986, 'ул. Вячеслава Черновола 1'),
(1585, 1237, 'ул. Академика Заболотного 57'),
(1586, 993, 'ул. Ленина 55-57'),
(1587, 1288, 'ул. Ленина, 84/1'),
(1588, 1247, 'ул. Свободы 11в'),
(1589, 1211, 'просп. Корабелов 12/4'),
(1590, 1106, 'ул. Глубочицкая 29'),
(1591, 1083, 'ул. Доковская 7а'),
(1592, 1390, 'ул.Чигиринская, 66'),
(1593, 1237, 'дор. Днепропетровская 94'),
(1594, 1051, 'ул. Петровского 62'),
(1595, 1424, 'ул. Свободы 268а'),
(1596, 989, 'ул. Синякова 5а'),
(1597, 1106, 'ул. Красногвардейская 8'),
(1598, 1083, 'ул. Ленина 86в'),
(1599, 1225, 'ул. Советская 50'),
(1600, 1326, 'ул. Вячеслава Черновола 7 А'),
(1601, 1106, 'бул. Русановский 2/8'),
(1602, 961, 'бул. Независимости 12'),
(1603, 1391, 'ул. Широкая, 1а'),
(1604, 1364, 'ул. Краснодонцев, 1'),
(1605, 1372, 'просп. Ушакова 43'),
(1606, 1120, 'ул. Валовая 36'),
(1607, 1211, 'ул. Чигрина 167'),
(1608, 1106, 'ул. Льва Толстого 13'),
(1609, 1390, 'ул. Гоголя 250'),
(1610, 1040, 'ул. Владимира Великого, 66/1'),
(1611, 1373, 'Областной адресный забор и доставка'),
(1612, 1226, 'ул. Школьная 2а'),
(1613, 1092, 'ул. Богдана Хмельницкого 30'),
(1614, 910, 'просп. Ленина 63'),
(1615, 961, 'ул. Короленко 66, Приміщення 4,5,6'),
(1616, 1041, 'ул. Чайковского, 12'),
(1617, 1391, 'ул. Дзержинского,28'),
(1618, 1211, 'ул. Мостостроителей 17/11'),
(1619, 1146, 'ул. Кремлевская 25'),
(1620, 1120, 'бул. Леси Украинки 2'),
(1621, 1270, 'ул. Маршала Бирюзова 62'),
(1622, 1027, 'ул. Ленина, 44г'),
(1623, 1329, 'ул. Октябрьская 81'),
(1624, 1106, 'ул. Артёма 13а'),
(1625, 1172, 'пл. Мира 33'),
(1626, 1211, 'просп. Ленина 73'),
(1627, 1031, 'ул. Набережная Победы 32'),
(1628, 1036, 'просп. Независимости 3а'),
(1629, 1270, 'ул. Ленина 61'),
(1630, 1106, 'ул. Полтавская 10'),
(1631, 1390, 'ул. Крещатик 200'),
(1632, 1411, 'ул. Ленина 25'),
(1633, 1047, 'ул. 2-й Гвардейской Армии, 20б'),
(1634, 1394, 'ул. Коломыйская, 13б'),
(1635, 1173, 'ул. Кос-Анатольского 2'),
(1636, 1106, 'ул. Ушинского 1'),
(1637, 1279, 'ул. Советская, 28'),
(1638, 1211, 'просп. Ленина 32'),
(1639, 1106, 'просп. Павла Тычины 16/2'),
(1640, 910, 'просп. Ленина 122'),
(1641, 1390, 'ул. Тараскова 22'),
(1642, 1418, 'ул. Ивана Франко 30-а'),
(1643, 1211, 'ул. Московская 40/5'),
(1644, 1106, 'просп. Воссоединения 10/1'),
(1645, 1390, 'ул. Смелянская 36'),
(1646, 1125, 'пл. Победы, 3'),
(1647, 1411, 'ул. Ленина 87'),
(1648, 1394, 'пер. Складской, 8'),
(1649, 1173, 'ул. Княгини Ольги 106'),
(1650, 1030, 'бул. Строителей 37а'),
(1651, 1058, 'просп. Ленина 158'),
(1652, 1339, 'ул. Тополянская, 23б'),
(1653, 1424, 'ул. Данила Галицкого 41'),
(1654, 1211, 'ул. Садовая 16/2'),
(1655, 1408, 'ул. Ленина 110а'),
(1656, 973, 'ул. Дружбы 5'),
(1657, 1173, 'ул. Гетьмана Мазепы 25а'),
(1658, 914, 'ул. Ветеранов 2г'),
(1659, 1031, 'ул. Ленина 14'),
(1660, 1211, 'просп. Октябрьский 340'),
(1661, 1032, 'ул. Энтузиастов 24'),
(1662, 1106, 'просп. Победы 37'),
(1663, 1390, 'ул. Громова 34/4'),
(1664, 1173, 'просп. Червоной Калины 36'),
(1665, 1082, 'ул. Данченко 14 20-н'),
(1666, 1092, 'ул. Звонарская 17'),
(1667, 1385, 'ул. Октябрьская 44'),
(1668, 970, 'пер. Школьный 2'),
(1669, 1106, 'ул. Тургеневская 16'),
(1670, 1371, 'ул. Шевченко, 327'),
(1671, 1099, 'ул. Ленина 35'),
(1672, 1106, 'ул. Богдана Хмельницкого 84'),
(1673, 1204, 'ул. Вячеслава Черновола 9а'),
(1674, 1211, 'просп. Ленина 173/1'),
(1675, 970, 'мкр. 40-Летия Победы 2а'),
(1676, 1067, 'ул. Карла Маркса 15'),
(1677, 1106, 'ул. Артёма 103'),
(1678, 1340, 'ул. Соборная 22'),
(1679, 1173, 'ул. Любинская 104'),
(1680, 1120, 'ул. Гетьмана Мазепы 55'),
(1681, 1415, 'ул. Комсомольская 45, Прим. 76'),
(1682, 580, 'Отделение №73 (до 30 кг на одно место): ул. Ильфа и Петрова, 63/1'),
(1683, 274, 'Отделение №1: ул. М. Грушевского, 3'),
(1684, 54, 'Отделение №1: ул. Суворова, 62'),
(1685, 528, 'Отделение № 1: ул. Колгоспная, 19'),
(1686, 34, 'Отделение № 9 (до 15 кг) Мини-отделение: ул. Гординского, 2а (маг."Сильпо")'),
(1687, 747, 'Отделение № 3 (до 30 кг): ул. Мира, 5 (возле рес-на "Икар")'),
(1688, 580, 'Отделение № 43 (до 15 кг) Мини-отделение: ул. Добровольского, 137а (ТЦ "Мой Дом")'),
(1689, 29, 'Отделение: ул. Ярослава Мудрого, 24'),
(1690, 628, 'Отделение №1: ул. Леси Украинки, 2'),
(1691, 498, 'Отделение: ул. Гоголя, 4'),
(1692, 457, 'Отделение № 24 (до 15 кг) Мини-отделение: ул. Зеленая, 147 (маг."Арсен")'),
(1693, 580, 'Отделение № 66 (до 15 кг) Мини-отделение: ул. Академика Королева, 15 (маг."BILLA")'),
(1694, 240, 'Отделение №21: ул. Фрунзе, 8'),
(1695, 240, 'Отделение №22 (до 30 кг): ул. Тепличная, 21'),
(1696, 240, 'Отделение №23 (до 30 кг): просп. Кирова, 76'),
(1697, 240, 'Отделение №24 (до 30 кг): просп. Газеты Правды, 65а'),
(1698, 701, 'Отделение № 4 (до 30 кг на одно место): ул. Курчатова, 15, кв. 139'),
(1699, 804, 'Отделение №1: ул. Маяковского, 8'),
(1700, 569, 'Отделение: ул. Октябрьская, 76'),
(1701, 268, 'Отделение №1: ул. Мицкевича, 9'),
(1702, 240, 'Отделение №12 (до 30 кг): жилой массив Комунар, 3а'),
(1703, 240, 'Отделение №13 (до 30 кг): просп. Гагарина, 43'),
(1704, 240, 'Отделение №14 (до 30 кг на одно место): просп. Героев, 33'),
(1705, 176, 'Отделение №2 (до 30 кг): ул. Киевская, 2'),
(1706, 349, 'Отделение №4 (до 30 кг на одно место): ул. Волкова, 13в'),
(1707, 412, 'Отделение №5 (до 30 кг на одно место): ул. Космическая, 1 (Раковка)'),
(1708, 828, 'Отделение №5 (до 30 кг): ул. Каменецкая, 52/2'),
(1709, 857, 'Отделение №3 (до 30 кг): просп. Победы, 139'),
(1710, 254, 'Отделение №1: просп. Космонавтов, 50а'),
(1711, 590, 'Отделение: ул. Чехова, 1а'),
(1712, 457, 'Отделение №6 (до 30 кг): ул. Сиховская, 8'),
(1713, 824, 'Отделение №27 ул. Шевченко, 317'),
(1714, 478, 'Отделение №8 (до 30 кг): просп. Победы, 109 (Левый берег)'),
(1715, 399, 'Отделение №1: ул. Юбилейная, 17 (Декор Сервис)'),
(1716, 4, 'Отделение №3 (до 30 кг на одно место): просп. Ленина, 111'),
(1717, 345, 'Отделение №200 (до 30 кг на одно место): просп. Броварской, 29'),
(1718, 621, 'Отделение № 1: ул. Комсомольская, 20'),
(1719, 454, 'Отделение №3 (до 30 кг): ул. Ершова, 11 (напротив "Фуршета" ТЦ "Глобус")'),
(1720, 84, 'Отделение № 1: ул. Ленина, 11а'),
(1721, 281, 'Отделение №1: ул. Интернациональная, 20а'),
(1722, 437, 'Отделение № 1: ул. 50-летия Октября, 25'),
(1723, 275, 'Отделение №1: ул. Независимости, 3'),
(1724, 169, 'Отделение №1: ул. Ленина, 23'),
(1725, 231, 'Отделение №1: ул. Смавзюка, 34'),
(1726, 838, 'Отделение №1: ул. 50-летия Октября, 5'),
(1727, 427, 'Отделение №1: ул. Мира, 75а'),
(1728, 454, 'Отделение № 10 (до 30 кг): просп. Воли, 21'),
(1729, 454, 'Отделение № 11 (до 30 кг): ул. Кривой Вал, 24'),
(1730, 454, 'Отделение №12 (до 30 кг): бульв. Дружбы Народов, 4'),
(1731, 454, 'Отделение №13 (до 30 кг): просп. Свободы, 60'),
(1732, 454, 'Отделение №14 (до 30 кг): просп. Возрождения, 10'),
(1733, 454, 'Отделение №15 (до 30 кг): ул. Чорновола, 2в'),
(1734, 240, 'Отделение № 46 (до 30 кг): просп. Газеты "Правда", 31д (ТЦ "Наша Правда")'),
(1735, 303, 'Отделение №1: ул. 1 Мая, 2а'),
(1736, 687, 'Отделение: ул. Бірюкова, 9/1'),
(1737, 414, 'Отделение № 17 (до 30 кг на одно место): ул. Федоренко, 5а'),
(1738, 238, 'Отделение №1: ул. Комсомольская, 9'),
(1739, 478, 'Отделение № 13 (до 30 кг на одно место): просп. Строителей, 98'),
(1740, 675, 'Отделение: ул. Кирова, 126 а'),
(1741, 763, 'Отделение №1: ул. 2-я Лебединская, 2а'),
(1742, 897, 'Отделение № 2 (до 30 кг): ул. Дружбы Народов, 5/5'),
(1743, 856, 'Отделение №21(до 30 кг): ул. Громова, 29/1'),
(1744, 377, 'Отделение №1: ул. Шевченка, 2'),
(1745, 658, 'Отделение: ул. Коновалца, 25/27'),
(1746, 222, 'Отделение №1: вул. Ленина, 78'),
(1747, 606, 'Отделение № 4 (до 30 кг на одно место): ул. Революции, 5а'),
(1748, 699, 'Отделение №1: ул. 9-го Января, 102'),
(1749, 905, 'Отделение № 1: ул. Ленина, 64а'),
(1750, 99, 'Отделение № 1: ул. Майская, 8'),
(1751, 292, 'Отделение №1: ул. Независимости, 20'),
(1752, 232, 'Отделение №1: ул. Полевая, 1 '),
(1753, 81, 'Отделение №1: ул. М.Кривоноса, 2'),
(1754, 279, 'Отделение №1: ул. Стефаника, 26а'),
(1755, 345, 'Отделение № 237 (до 5 кг), Мини-отделение: пл. Печерская, 1 (маг."Великая Кишеня")'),
(1756, 36, 'Отделение: ул. Привокзальная, 16'),
(1757, 280, 'Отделение №37 (до 15 кг) Мини-отделение: ул. Рубана, 27'),
(1758, 496, 'Отделение № 1: ул. Комарова, 38'),
(1759, 857, 'Отделение №2 (до 30 кг): просп. Победы, 50'),
(1760, 476, 'Отделение: ул. Шевченко, 22'),
(1761, 413, 'Отделение №1: ул. Шевченко, 6'),
(1762, 345, 'Отделение № 219 (до 30 кг), Мини-отделение: ул. Сентябрьская, 24 (Авторынок, место №29)'),
(1763, 345, 'Отделение № 220 (до 10 кг), Мини-отделение: ул. Борщаговская, 212/41 (маг."Фора")'),
(1764, 414, 'Отделение №19 (до 30 кг на одно место): ул. Мусоргского, 20'),
(1765, 349, 'Отделение №9 (до 30 кг на одно место): ул. Кирова, 85'),
(1766, 649, 'Отделение №3 (до 30 кг): ул. Киевская, 186'),
(1767, 301, 'Отделение №2 (до 30 кг): ул. Шевченка, 66'),
(1768, 786, 'Отделение №8 (до 30 кг на одно место): ул. Медовая, 6 (Центр, возле водоканала)'),
(1769, 329, 'Отделение №5 (до 30 кг): ул. Леси Украинки, 39/2'),
(1770, 34, 'Отделение №6 (до 30 кг на одно место): ул. Заярская, 1'),
(1771, 345, 'Отделение №81 (до 30 кг): ул. Саксаганского, 76'),
(1772, 345, 'Отделение №80 (до 30 кг): Харьковское шоссе, 150/15'),
(1773, 185, 'Отделение №2 (до 30 кг): ул. Братьев Коваленко, 54'),
(1774, 345, 'Отделение №349 (до 15 кг), Мини-отделение, просп. Победы, 60 (ТЦ "Народный")'),
(1775, 674, 'Отделение №36 (до 30 кг на одно место): ул. Академика Грушевского, 37а'),
(1776, 567, 'Отделение №1: ул. Фрунзе, 7'),
(1777, 122, 'Отделение № 1: ул. Гоголя, 26'),
(1778, 43, 'Отделение №1: ул. Московская, 5'),
(1779, 752, 'Отделение №1: ул. Киевская, 55'),
(1780, 141, 'Отделение №13 (до 30 кг на одно место): ул. Грибоедова, 3'),
(1781, 141, 'Отделение №14: Сабаровское шоссе, 1б/2д'),
(1782, 359, 'Отделение № 4 (до 30 кг на одно место): ул. Вербицкого, 2'),
(1783, 240, 'Отделение №36 (до 30 кг на одно место): ул. Жуковского, 2е'),
(1784, 240, 'Отделение №37 (до 30 кг на одно место): ул. Буденного, 29 (ж. м. Западный)'),
(1785, 240, 'Отделение №38 (до 30 кг): ул. Харьковская, 4'),
(1786, 240, 'Отделение №39 (до 30 кг): Запорожское шоссе, 40'),
(1787, 580, 'Отделение №32 (до 30 кг на одно место): ул. Фонтанская дорога, 58'),
(1788, 580, 'Отделение №33 (до 30 кг): ул. Романа Кармена, 15 (просп. Шевченка)'),
(1789, 600, 'Отделение №4 (до 30 кг): ул. Полтавская, 107/1'),
(1790, 698, 'Отделение № 1: ул. Коцюбинского, 1'),
(1791, 580, 'Отделение № 67 (до 15 кг) Мини-отделение: ул. Бочарова, 13 (маг."Сильпо")'),
(1792, 345, 'Отделение № 180 (до 5 кг), Мини-отделение: просп. Московский, 21 (маг."Фокстрот")'),
(1793, 412, 'Отделение №3 (до 30 кг): ул. 60-летия Октября, 77'),
(1794, 357, 'Отделение №1: ул. Шевченка, 40'),
(1795, 240, 'Отделение № 80 (до 15 кг) Мини-отделение: просп. Петровского, 58 (маг."VARUS")'),
(1796, 816, 'Отделение № 1: ул. Октябрськая, 10'),
(1797, 824, 'Отделение № 53 (до 10 кг) Мини-отделение: ул. Командарма Корки, 36 (маг."КЛАСС")'),
(1798, 150, 'Отделение №1: ул. Симоненко, 17'),
(1799, 338, ''),
(1800, 52, 'Отделение №1: ул. Комсомольская, 9б'),
(1801, 828, 'Отделение № 19 (до 30 кг на одно место): ул. Львовское шоссе, 55/2а'),
(1802, 826, 'Отделение № 14 (до 30 кг на одно место): Киндийское шоссе, 17а'),
(1803, 763, 'Отделение №10 (до 30 кг): ул. Роменская, 81'),
(1804, 240, 'Отделение № 47 (до 15 кг) Мини-отделение: бульв. Европейский, 1д (маг.VARUS, ТЦ "Европа")'),
(1805, 68, 'Отделение № 1: ул. Мира, 8/3'),
(1806, 14, 'Отделние № 1: ул. Мира, 1'),
(1807, 580, 'Отделение №3: ул. Дальницкая, 23/4'),
(1808, 449, 'Отделение №1: ул. Фабричная, 7'),
(1809, 345, 'Отделение №354 (до 15 кг), Мини-отделение: ул. Сімьи Сосненых, 17 (маг."Караван")'),
(1810, 414, 'Отделение № 28 ( до 15 кг), Мини-отделение: ул. Балакина, 28а (маг."АТБ")'),
(1811, 842, 'Отделение №2 (до 30 кг на одно место): ул. Пролетарская, 100'),
(1812, 30, 'Отделение: ул. Театральная, 1'),
(1813, 345, 'Отделение № 201 (до 30 кг на одно место): просп. Маяковского, 15'),
(1814, 897, 'Отделение №3 (до 30 кг): просп. Коммунистический, 8'),
(1815, 236, 'Отделение № 1: ул. Ватутіна, 5'),
(1816, 345, 'Отделение №265 (до 15 кг), Мини-отделение: ул. Ярославская, 57'),
(1817, 407, 'Отделение №1: ул. Привокзальная, 9а'),
(1818, 529, 'Отделение №43 (до 30 кг) Мини-отделение: ул. Комсомольская, 11/11'),
(1819, 419, 'Отделение №1: ул. Садовая, 103 (рынок "Копошилка")'),
(1820, 428, 'Отделение №1: ул. Базарна, 40'),
(1821, 600, 'Отделение №2 (до 30 кг): ул. Ленина, 75'),
(1822, 580, 'Отделение № 13 (до 30 кг): ул. Днепропетровская дорога, 82'),
(1823, 580, 'Отделение № 14 (до 30 кг на одно место): ул. Маршала Малиновского, 71'),
(1824, 580, 'Отделение №15: Тираспольское шоссе, 15б'),
(1825, 280, 'Отделение №9 (до 30 кг на одно место): просп. Металлургов, 17'),
(1826, 529, 'Отделение №6 (до 30 кг на одно место): ул. Советская, 13/4'),
(1827, 529, 'Отделение №7 (до 30 кг на одне місце): ул. Космонавтов, 62'),
(1828, 77, 'Отделение №2 (до 30 кг на одно место): ул. Киевский Шлях, 69в (городской парк)'),
(1829, 802, 'Отделение: ул. Ивана Мазепы, 21е'),
(1830, 674, 'Отделение №5 (до 30 кг на одно место): просп. Мира, 12'),
(1831, 747, 'Отделение: ул.И.Франко,19'),
(1832, 722, 'Отделение №1: ул. Октябрьская, 18'),
(1833, 786, 'Отделение №1: ул. Подольская, 21'),
(1834, 492, 'Отделение: ул. Савченко, 1в'),
(1835, 824, 'Отделение №13: г. Дергачи, ул. Привокзальная, 4'),
(1836, 856, 'Отделение №5 (до 30 кг на одно место): ул. Руднева, 45'),
(1837, 214, 'Отделение №1: ул. Киевская, 46'),
(1838, 586, 'Отделение №1: ул. Доманинская, 308а'),
(1839, 711, 'Отделение №2 (до 30 кг на одно место): ул. Мира, 10'),
(1840, 548, 'Отделение № 1: ул. Красноармейская, 7'),
(1841, 758, 'Отделение № 1: ул. Ровенская, 72'),
(1842, 683, 'Отделение: ул. Ленина, 92'),
(1843, 703, 'Отделение: ул. Гоголя, 2'),
(1844, 716, 'Отделение: ул. Площадь Независимости, 7'),
(1845, 777, 'Отделение №1: ул. Садовая, 88'),
(1846, 778, 'Отделение №1: ул. Тура, 80а'),
(1847, 807, 'Отделение №1: ул. Ленина, 38'),
(1848, 457, 'Отделение № 37 (до 15 кг) Мини-отделение: ул. Щирецкая, 36 (рынок "Южный")'),
(1849, 88, 'Отделение №2 (до 30 кг на одно место): ул. Киевская, 302'),
(1850, 34, 'Отделение №2 (до 30 кг на одно место): ул. Вокзальная, 22'),
(1851, 401, 'Отделение №2 (до 30 кг на одно место): торг. центр «Шахтёрский» (микрорайон «Шахтёрский»)'),
(1852, 554, 'Отделение №1: ул. 40 лет Октября, 19'),
(1853, 422, 'Отделение №1: ул. Щорса, 97'),
(1854, 398, 'Отделение №1: пл. Шухевича, 8'),
(1855, 98, 'Отделение №1: ул. Шухевича, 28'),
(1856, 674, 'Отделение № 7 (до 30 кг на одно место): ул. Королёва, 15 а (возле авторынка) '),
(1857, 661, 'Отделение №1: пер. Базарный, 7а'),
(1858, 53, 'Отделение №1: ул. Привокзальная, 1'),
(1859, 389, 'Відділення №2 (до 30 кг): ул. Большевицкая, 92а'),
(1860, 293, 'Отделение №1: ул. Шевченко, дом. 2, кв. 2'),
(1861, 457, 'Отделение №34 (до 10 кг) Мини-отделение: ул. Николая Хвылевого, 27 (маг."Барвинок")'),
(1862, 147, 'Отделение №4 (до 30 кг на одно место): с. Софиевская Борщаговка, ул. Л. Украинки, 11 (ЖК София)'),
(1863, 727, 'Отделение: пл. Сечевых Стрельцов, 82'),
(1864, 858, 'Отделение №1: вул. Ленина, 379'),
(1865, 547, 'Отделение №1: ул. 1-го Мая, 96'),
(1866, 240, 'Отделение № 52 (до 15 кг) Мини-отделение: ул. Новокрымская, 3а (маг."Сильпо")'),
(1867, 493, 'Отделение № 1: ул. Ольшанского, 1'),
(1868, 871, 'Отделение №1: ул. Херсонская, 65/2'),
(1869, 318, 'Отделение №1: ул. Заводская, 10'),
(1870, 147, 'Отделение № 6 (до 30 кг на одно место): ул. Школьная, 19 (Петропав. Борщаговка)'),
(1871, 441, 'Отделение: ул. Ленина, 55'),
(1872, 780, 'Отделение: ул. Б. Хмельницкого, 2'),
(1873, 41, 'Отделение №1: ул. Бондарчука, 1'),
(1874, 345, 'Отделение №238 (до 15 кг) Мини-отделение: ул. Великая Васильковская, 65 (маг."Топмарт")'),
(1875, 792, 'Отделение №1: ул. Шоссейная, 6'),
(1876, 714, 'Отделение №1: ул. Тернопольская, 60'),
(1877, 904, 'Отделение №1: ул. Степана Бандеры, 6/2'),
(1878, 190, 'Отделение №1: ул. Терещенков, 45'),
(1879, 100, 'Отделение №1: ул. Либкнехта Карла, 11а'),
(1880, 644, 'Отделение №1: ул. Победы, 34/14'),
(1881, 315, 'Отделение №1: ул. Промышленная, 14'),
(1882, 345, 'Отделение № 112 (до 15 кг), Мини-отделение: ул. Академика Курчатова, 19а, (маг. "Фора")'),
(1883, 381, 'Отделение № 1: ул. Щорса, 97/4'),
(1884, 240, 'Отделение № 58 (до 30 кг): ул. Героев Сталинграда, 127'),
(1885, 7, 'Отделение №1: ул. Ленина, 106'),
(1886, 824, 'Отделение №36 (до 30 кг на одно место): ул. Октябрьской революции, 92'),
(1887, 824, 'Отделение №54 (до 15 кг) Мини-отделение: ул. Героев Труда, 6 (АТБ)'),
(1888, 345, 'Отделение №18: ул. Молодогвардейская, 22 (Чоколовка)'),
(1889, 345, 'Отделение №19: ул. Сулеймана Стальского, 23 (Авторынок)'),
(1890, 345, 'Отделение №20: пер. Новопечерский, 5 ( м. Дворец Украина)'),
(1891, 345, 'Отделение №22 (до 30 кг на одно место): ул. Ревуцкого, 26 (Харьковский масив)'),
(1892, 50, 'Отделение № 4 (до 30 кг): ул. Пионерская, 51'),
(1893, 466, 'Отделение № 1: ул. Шевченка, 13'),
(1894, 307, 'Отделение № 12 (до 15 кг) Мини-отделение: ул. Волчинецкая, 225м (маг.""МЕТРО")'),
(1895, 553, 'Отделение: ул. Вокзальная, 6'),
(1896, 269, 'Отделение № 15 ( до 30 кг): ул. Киевская, 59'),
(1897, 269, 'Отделение № 19 (до 15 кг) Мини-отделение: ул. Черняховского, 92 (ТЦ"Океан")'),
(1898, 34, 'Отделение № 7 (до 15 кг) Мини-отделение: бульв. 1-го Мая, 13 (маг. "Фуршет")'),
(1899, 467, 'Отделение № 1: ул. Комсомольская, 1'),
(1900, 345, 'Отделение № 163 (до 10 кг), Мини-отделение: бульв. Лепсе, 29 (маг."Фора")'),
(1901, 602, 'Отделение № 1: ул. Магистральная, 43а'),
(1902, 457, 'Отделение №54 (до 30 кг): ул. Русовых, 2'),
(1903, 892, 'Отделение №1: ул. Княжа, 4г'),
(1904, 243, 'Отделение №1: ул. Грушевского, 3'),
(1905, 618, 'Отделение № 2 (до 30 кг): вьезд Набережный, 7'),
(1906, 824, 'Отделение №26 (до 30 кг на одно место): ТЦ «Барабашова», Афганская площадка, место 21-П1-55, 56'),
(1907, 529, 'Отделение № 17 (до 15 кг), Мини-отделение: просп. Героев Сталинграда, 9д (маг."МЕТРО")'),
(1908, 322, 'Отделение №1: ул. Мира, 222'),
(1909, 883, 'Отделение №2 (до 30 кг): просп. Мира, 5'),
(1910, 345, 'Отделение № 221 (до 5 кг), Мини-отделение: ул. Лисковская, 9а/22 (маг."Фора")'),
(1911, 195, 'Отделение №1: ул. Карла Маркса, 126/1'),
(1912, 25, 'Отделение: ул. Октябрьской Революции, 14'),
(1913, 863, 'Отделение: ул. Ленина, 39'),
(1914, 719, 'Отделение №1: ул. Таллинский квартал, 7а'),
(1915, 803, 'Отделение №1: ул. Лобача, 36'),
(1916, 609, 'Отделение №1: ул. Сечевых Стрельцов, 26'),
(1917, 345, 'Отделение №82 (до 30 кг): ул. Горького, 157'),
(1918, 345, 'Отделение №84 (до 30 кг на одно место): ул. Курнатовского, 15'),
(1919, 345, 'Отделение №85 (до 30 кг на одно место): ул. Маршала Гречко, 24'),
(1920, 779, 'Отделение №1: ул. Ленина, 2'),
(1921, 826, 'Отделение №5 (до 30 кг): ул. Розы Люксембург, 11а'),
(1922, 345, 'Отделение № 108 (до 10 кг), Мини-отделение: ул. Ивана Кудри, 40 (ЦОА "Укртелеком")'),
(1923, 345, 'Отделение №13: ул. Оранжерейна, 3 (метро Дорогожичи)'),
(1924, 600, 'Отделение №6 (до 30 кг), Мини-отделение: ул. Горького, 166 (ТЦ "Олимпия")'),
(1925, 345, 'Отделение № 61 (до 30 кг): просп. Воздухофлотский, 48/2 (Севастопольская пл.)'),
(1926, 345, 'Отделение № 130 (до 15 кг), Мини-отделение: Харьковское шоссе, 8'),
(1927, 653, 'Отделение № 1: ул. Ворвуля, 12'),
(1928, 284, 'Отделение №1: ул. Новая, 3а'),
(1929, 601, 'Отделение №1: ул. Ленина, 2а'),
(1930, 147, 'Отделение №8 (до 15 кг), Мини-отделение: ул. Святошинская, 40 (маг."Фора")'),
(1931, 576, 'Отделение №1: ул. Котляревского, 2а'),
(1932, 23, 'Отделение №1: ул. Ленина, 99'),
(1933, 345, 'Отделение №329 (до 30 кг): ул. Мишуги, 9а'),
(1934, 634, 'Отделение №1: вул. Партизанская, 60'),
(1935, 345, 'Отделение №23 (до 30 кг): просп. Н. Бажана, 24/1 (м. Позняки)'),
(1936, 828, 'Отделение № 15 ( до 30 кг на одно место): Староконстантиновское шоссе, 2/1б (ТЦ "Агора")'),
(1937, 803, 'Отделение №2 (до 30 кг): ул. Ленина, 80'),
(1938, 457, 'Отделение № 32 (до 15 кг) Мини-отделение: ул. Джорджа Вашингтона, 8г (маг. "МЕТРО")'),
(1939, 90, 'Отделение №1: ул. 22 Января, 82'),
(1940, 529, 'Отделение №4 (до 30 кг на одно место): просп. Октябрьский, 330'),
(1941, 240, 'Отделение № 53 (до 15 кг) Мини-отделение: просп. Карла Маркса, 96 ("Кредит Маркет")'),
(1942, 167, ''),
(1943, 685, 'Отделение №3 (до 30 кг на одно место): ул. 30 лет Победы, 12а'),
(1944, 75, 'Отделение №1: ул. Палия Семена, 12в'),
(1945, 722, 'Отделение №2 (до 30 кг на одно место): ул. 40 лет Победы, 6'),
(1946, 371, 'Отделение №1: ул. Симоненко, 1 (територрия "Межрайбазы")'),
(1947, 353, 'Отделение №2 (до 30 кг на одно место): ул. Железнодорожная, 3а'),
(1948, 262, 'Отделение №1: ул. Карла Маркса, 125'),
(1949, 577, 'Отделение №2 (до 30 кг): ул. Киевская, 121ж'),
(1950, 83, 'Отделение № 1: ул. Шевченка, 193'),
(1951, 580, 'Отделение №17 (до 30 кг): ул. Разумовская, 29'),
(1952, 580, 'Отделение №18 (до 30 кг на одно место): ул. Фонтанская дорога, 16/8'),
(1953, 824, 'Отделение №15 (до 30 кг на одне место): ул. Петра Свинаренка, 20'),
(1954, 791, 'Отделение №1: ул. Украинская, 90а'),
(1955, 283, 'Отделение №1: ул. Мичурина, 92а'),
(1956, 201, 'Отделение № 1: ул. Независимости, 3а'),
(1957, 522, 'Отделение №1: ул. Мира, 34'),
(1958, 327, 'Отделение №1: ул. Ленина, 54'),
(1959, 157, 'Отделение №1: ул. Коцюбинского, 29'),
(1960, 181, 'Отделение №1: ул. И. Франка, 30'),
(1961, 280, 'Отделение № 26 (до 30 кг на одно место): ул. Северокольцевая, 3'),
(1962, 315, 'Отделение №3 ( до 30 кг): ул. Гайдара, 5'),
(1963, 462, 'Отделение: ул. 1-го Мая, 18'),
(1964, 902, 'Отделение №1: ул. Чернавина, 42а'),
(1965, 457, 'Отделение № 39 (до 30 кг): ул. Владимира Великого, 1'),
(1966, 130, 'Отделение: пер. Почтовый, 4/4.'),
(1967, 800, 'Отделение: ул. Горького, 58'),
(1968, 345, 'Отделение № 154 (до 5 кг), Мини-отделение: бульв. Кольцова, 14м (маг." Сильпо")'),
(1969, 833, 'Отделение № 1: ул. Богдана Хмельницкого, 1'),
(1970, 580, 'Отделение № 68 (до 10 кг) Мини-отделение, пл. Бориса Деревянко, 2 ( ТЦ "Дом Мебели")'),
(1971, 521, 'Отделение №1: ул. Главная, 28'),
(1972, 345, 'Отделение № 182 (до 15 кг), Мини-отделение: бульв. Верховной Рады, 17 (маг. "Фора")'),
(1973, 345, 'Отделение № 183 (до 10 кг), Мини-отделение: просп. Науки, 11а (маг."Brain")'),
(1974, 899, 'Отделение №1: ул. П.Тичины,1'),
(1975, 280, 'Отделение № 40 (до 30 кг на одно место): ул. Панфиловцев, 5'),
(1976, 474, 'Отделение: ул. Ленина,109'),
(1977, 457, 'Отделение № 55 (до 15 кг) Мини-отделение: ул. Тадеуша Костюшко, 24 (маг."Brain")'),
(1978, 94, 'Отделение № 1:ул. Сечевых Стрельцов, 4а'),
(1979, 163, 'Отделение №1: ул. Ленина, 54 (ТРК Альтаир)'),
(1980, 744, 'Отделение №2 (до 30 кг): ул. Комунаров, 23'),
(1981, 295, 'Отделение №1: ул. Погребняка, 8б'),
(1982, 718, ''),
(1983, 901, 'Отделение: ул. Б. Хмельницкого, 42'),
(1984, 651, 'Отделение № 1: ул. Октябрьская, 8'),
(1985, 345, 'Отделение №343 (до 5 кг), Мини-отделение: ул. Печенежская, 1/7 (маг."Фора")'),
(1986, 580, 'Отделение № 60 (до 30 кг): ул. Старопортофранковская, 103а'),
(1987, 580, 'Отделение №5 (до 30 кг на одно место): ул. Академика Филатова, 24'),
(1988, 580, 'Отделение №6: с. Котовка, ул. Кооперативная, 2а (Авторынок "Куяльник")'),
(1989, 826, 'Отделение №3 (до 30 кг на одно место): просп. Адмирала Сенявина, 11а'),
(1990, 457, 'Отделение № 35 (до 15 кг) Мини-отделение: ул. Зубровская, 38 (маг."Фуршет")'),
(1991, 618, 'Отделение №1: ул. Шевченко, 2/82'),
(1992, 635, 'Отделение №1: ул. Фрунзе, 7'),
(1993, 824, 'Отделение №29 (до 30 кг): ул. Уборевича, 1б'),
(1994, 886, 'Отделение №1: ул. Ленина, 104а'),
(1995, 720, 'Отделение №1: ул. Коммунаров, 50'),
(1996, 59, 'Отделение №1: ул., Шевченка, 35'),
(1997, 240, 'Отделение №57 (до 30 кг): ул. Титова, 36'),
(1998, 623, 'Отделение № 1: ул. Комунистическая, 50'),
(1999, 48, 'Отделение № 1: ул. Кипенко, 4'),
(2000, 263, 'Отделение №1: ул. Ленина, 29'),
(2001, 414, 'Отделение №21: ул. Адмирала Головко, 44а'),
(2002, 512, 'Отделение №1: ул. Академика Морозова, 20'),
(2003, 269, 'Отделение №2 (до 30 кг): ул. Маршала Рыбалко, 28'),
(2004, 414, 'Отделение №2: ул. Леонида Бородича, 17'),
(2005, 813, 'Отделение №1: ул. Верещагина, 16'),
(2006, 786, 'Отделение №3: ул. Западная, 2'),
(2007, 77, 'Отделение №1: ул. Привокзальная, 21'),
(2008, 457, 'Отделение №1: ул. Городоцкая, 355/6'),
(2009, 478, 'Отделение №1: бульв. Шевченко, 313 (22-й м-рн)'),
(2010, 759, 'Отделение №1: ул. Грабовецкая, 42'),
(2011, 897, 'Отделение: бульв. Шевченко, 14'),
(2012, 307, 'Отделение №1: ул. Мазепы, 175б (въезд с ул.Довженко, территория базы "Гурман")'),
(2013, 701, 'Отделение №2 (до 30 кг): ул. Богдана Лещины, 21'),
(2014, 828, 'Отделение №3: ул. Ватутина, 11'),
(2015, 454, 'Отделение №4: ул. Львовская, 152б'),
(2016, 239, 'Отделение №2 (до 30 кг на одно место): ул. Кирова, 12'),
(2017, 349, 'Отделение №2: ул. Евгения Маланюка, 21а'),
(2018, 674, 'Отделение №1: ул. Князя Владимира, 109а '),
(2019, 88, 'Отделение №1: ул. Кутузова, 125'),
(2020, 857, 'Отделение №1: ул. Старобелоуская, 16 а'),
(2021, 359, 'Отделение №1: ул. Владимирская, 135'),
(2022, 4, 'Отделение №1: пл. Кирова, 10'),
(2023, 412, 'Отделение №1: ул. Флотская, 2'),
(2024, 141, 'Отделение №4: ул. Фурманова, 28'),
(2025, 375, 'Отделение №2 (до 30 кг на одно место): ул. Строна, 3'),
(2026, 329, 'Отделение №1: ул. И. Франко, 40а'),
(2027, 826, 'Отделение №12 (до 30 кг на одно место): ул. Чорноморская, 16'),
(2028, 763, 'Отделение №3: ул. Харьковская, 105'),
(2029, 34, 'Отделение №1: ул. 1-ая Совхозная, 5'),
(2030, 488, 'Отделение №4: ул. Дзержинского, 114/1'),
(2031, 856, 'Отделение №2: ул. Чигиринская, 11/1'),
(2032, 529, 'Отделение №1: ул. 1-я Слободская, 62'),
(2033, 640, 'Отделение №1: ул. Фрунзе, 225'),
(2034, 860, 'Отделение №4: ул. Главная, 200'),
(2035, 824, 'Отделение №4: ул. Достоевского, 5'),
(2036, 280, 'Отделение №2: ул. Карпенко-Карого, 52'),
(2037, 640, 'Отделение №2: ул. Ковпака, 26'),
(2038, 824, 'Отделение №2: просп. Московский, 54а'),
(2039, 824, 'Отделение №3: ул. Якира, 124'),
(2040, 240, 'Отделение №2: ул. Академика Янгеля, 40'),
(2041, 345, 'Отделение №2: ул. Бережанская, 9 (Оболонь Луговая) '),
(2042, 280, 'Отделение №1: ул. Брянская, 8'),
(2043, 860, 'Отделение №2: ул. Калиновская, 13 (МТК "Калиновский рынок")'),
(2044, 529, 'Отделение №2: ул. Мореходная, 1а'),
(2045, 240, 'Отделение №3: ул. Тверская, 1'),
(2046, 345, 'Отделение №3: ул. Калачевская, 13 (Старая Дарница)'),
(2047, 580, 'Отделение №2: ул. Базовая, 16 (Промрынок, 7 км)*'),
(2048, 345, 'Отделение №4: ул. Кричевского, 19, м. Житомирская (Святошин)'),
(2049, 345, 'Отделение №5: ул. Федорова, 32 (м. Олимпийская)'),
(2050, 240, 'Отделение № 60 (до 10 кг), Мини-отделение: ул. Глинки, 1 ("Кредит Маркет")'),
(2051, 345, 'Отделение № 39 (до 30 кг на одно место): ул. Маршала Малиновского, 25 (возле кафе "Талисман")'),
(2052, 83, 'Отделение № 2 (до 30 кг): ул. Богдана Хмельницкого, 98'),
(2053, 824, 'Отделение № 16: пл. Ю.Кононенко, 1 а (Атобазар "Лоск", восточная строна)'),
(2054, 824, 'Отделение № 17 (до 30 кг): ул. 23 августа, 59'),
(2055, 824, 'Отделение № 18 (до 30 кг): просп. Гагарина, 181 (ТЦ "Sun Mall")'),
(2056, 860, 'Отделение №6 (до 30 кг): ул. Школьная, 1'),
(2057, 533, 'Отделение № 2 (до 30 кг на одно место): ул. Электрометаллургов, 4а'),
(2058, 786, 'Отделение №4 (до 30 кг): просп. Злуки, 8'),
(2059, 240, 'Отделение №19 (до 30 кг на одно место): ул. Паникахи, 91'),
(2060, 240, 'Отделение №20 (до 30 кг на одно место): ул. Героев Сталинграда, 3'),
(2061, 529, 'Отделение №41(до 30 кг) Мини-отделение: Херсонское шоссе, 38а'),
(2062, 347, 'Отделение №1: ул. Петровского, 28а'),
(2063, 375, 'Отделение №1: вул. Советская, 31'),
(2064, 412, 'Отделение №4 (до 30 кг): ул. Гагарина, 13'),
(2065, 362, 'Отделение № 1: ул. Шевченко, 9а'),
(2066, 17, 'Отделение № 1: ул. Красноармейская, 2'),
(2067, 117, 'Отделение № 1: ул. Подлесная, 27'),
(2068, 345, 'Отделение № 229 (до 15 кг), Мини-отделение: ул. Николая Кибальчича, 23/35 (маг."Фора")'),
(2069, 345, 'Отделение № 230 (до 15 кг), Мини-отделение: бульв. Лепсе, 83 (маг."Фора")'),
(2070, 240, 'Отделение №6: ул. Ударников, 27'),
(2071, 824, 'Отделение №82 (до 15 кг) Мини-отделение: Полтавский Путь, 148/2(БЦ "АРГО")'),
(2072, 824, 'Отделение № 69 (до 30 кг): ул. Дмитриевская, 5'),
(2073, 457, 'Отделение № 53 (до 30 кг): ул. Богдана Хмельницкого, 29'),
(2074, 241, 'Отделение №1: ул. Молодёжная, 7'),
(2075, 371, 'Отделение №2 (до 30 кг): ул. Гетьманская, 12'),
(2076, 185, 'Отделение: ул. Чкалова, 93'),
(2077, 127, 'Отделение №1: ул. Ленина, 103'),
(2078, 853, 'Отделение №1: ул. Генерала Плиева, 29/4. '),
(2079, 345, 'Отделение №75 (до 30 кг): ул. Владимирская, 96а'),
(2080, 345, 'Отделение №76 (до 30 кг): просп. Победы, 89а'),
(2081, 345, 'Отделение №77 (до 30 кг): просп. Героев Сталинграда, 55'),
(2082, 345, 'Отделение №78 (до 30 кг): ул. Магнитогорская, 1а (Дарынок)'),
(2083, 345, 'Отделение №79 (до 30 кг на одно место): ул. Светлицкого, 30/20'),
(2084, 825, 'Отделение №1: ул. Героев Украины, 80б'),
(2085, 860, 'Отделение №24 (до 15 кг), Мини-отделение: ул. Зарожанская, 12а (маг. "Норма")'),
(2086, 652, 'Отделение № 1: ул. Промышленная, 1'),
(2087, 821, 'Отделение: ул. Кирова, 34'),
(2088, 329, 'Отделение №3 (до 30 кг): ул. Васильева, 1'),
(2089, 239, 'Отделение №3 (до 30 кг на одно место): просп. Металлургов, 6 б'),
(2090, 218, 'Отделение №1: ул. Берегового, 46'),
(2091, 580, 'Отделение №30 (до 30 кг на одно место): ул. Успенская, 7'),
(2092, 580, 'Отделение №31(до 30 кг на одно место): ул. Героев Сталинграда, 52'),
(2093, 857, 'Отделение №6 (до 30 кг): ул. Шевченко, 46'),
(2094, 10, 'Отделение: ул. Ивана Франка, 67'),
(2095, 846, 'Отделение № 1: ул. Олега Кошевого, 42'),
(2096, 13, 'Отделение №1: ул. Набережная, 170'),
(2097, 39, 'Отделение №1: ул. Комсомольская, 1а'),
(2098, 42, 'Отделение №1: ул. Романа Вдовиченко, 92'),
(2099, 457, 'Отделение № 40 (до 30 кг): ул. Личаковская, 139'),
(2100, 240, 'Отделение №28: ул. Березинская, 58'),
(2101, 796, 'Отделение № 1: ул. Горького, 2'),
(2102, 649, 'Отделение №2 (до 30 кг на одно место): ул. Киевская, 124в'),
(2103, 252, 'Отделение №1: ул. Горишня Брама, 183'),
(2104, 447, 'Отделение №1: ул. Центральная, 24а'),
(2105, 341, 'Отделение №1: ул. Молодёжная, 2Д'),
(2106, 674, 'Отделение № 34 (до 30 кг на одно место): ул. Соборная, 56'),
(2107, 672, 'Отделение: ул. Шевченко, 11а'),
(2108, 390, 'Отделение №1: ул. Красноармейская, 12а'),
(2109, 206, 'Отделение №1: ул. Мира, 107а'),
(2110, 580, 'Отделение № 69 (до 15 кг) Мини-отделение: ул. Черняховского, 4 (ТЦ "5 элемент")'),
(2111, 383, 'Отделение №1: ул. Шевченко, 3 (Гусятинский район)'),
(2112, 240, 'Отделение №86 (до 30 кг): просп. Гагарина, 102'),
(2113, 345, 'Отделение №350 (до 15 кг), Мини-отделение: Харьковское шоссе, 201/203'),
(2114, 850, 'Отделение № 3 (до 30 кг): ул. Степана Бандеры, 18'),
(2115, 461, 'Отделение 1: ул. Октябрьская, 17'),
(2116, 345, 'Отделение №35 (до 30 кг): ул. Фучика, 3 (ЦСКА)'),
(2117, 266, 'Отделение №2 (до 30 кг на одно место): ул. Петровского, 50а'),
(2118, 640, 'Отделение №4 (до 30 кг на одно место): ул. Панянка, 65б'),
(2119, 280, 'Отделение № 41 (до 30 кг на одно место): ул. Бочарова, 3'),
(2120, 423, 'Отделение №2 (до 30 кг на одно место): ул. Садовая, 1'),
(2121, 828, 'Отделение №24 (до 10 кг),Мини-отделение: ул. Тернопольская, 7а( маг."Фуршет")'),
(2122, 442, 'Отделение №1: ул. Макаренко, 208 (база "ЛИСПРОД")'),
(2123, 317, 'Отделение №2: пгт. Гостомель, ул. Чкалова, 37а (на территории "Швидкомийки")'),
(2124, 239, 'Отделение №1: бул. Независимости, 2а'),
(2125, 684, 'Отделение №1: ул. Дудина, 20в'),
(2126, 842, 'Отделение № 1: ул. Крылова, 169а'),
(2127, 826, 'Отделение №4: ул. Патона, 3а'),
(2128, 860, 'Отделение №5 (до 30 кг на одно место): ул. Ковальчука, 13'),
(2129, 874, 'Отделение: ул. Леонова, 4'),
(2130, 349, 'Отделение № 11 ( до 30 кг на одно место): ул. Октябрьской Революции,16 (корпус 1)'),
(2131, 345, 'Отделение №31 (до 30 кг): ул. Московская, 5/2а, м. Арсенальная(Печерск)'),
(2132, 345, 'Отделение №32: ул. Каховская, 60 (Никольская Слободка)'),
(2133, 345, 'Отделение №33: ул. Закревского, 18 (Троещина)'),
(2134, 590, 'Отделение № 2 (до 15 кг) Мини-отделение: ул. Калинина, 47а (маг."ЦУМ")'),
(2135, 682, 'Отделение №1: ул. Главная, 37'),
(2136, 572, 'Отделение: ул. Яворницкого,8'),
(2137, 96, 'Отделение: ул. Львовская ,8'),
(2138, 153, 'Отделение №1: просп. Октябрьской революции, 48а'),
(2139, 767, 'Отделение №1: ул. Перспективная, 2'),
(2140, 457, 'Отделение №56 (до 15 кг) Мини-отделение: просп. Красной Калины, 36'),
(2141, 497, 'Отделение №1: ул. Патруся Карпатского, 52'),
(2142, 824, 'Отделение № 56 (до 10 кг) Мини-отделение: ул. Сергея Грицевца, 35а (отд. "Приват Банк")'),
(2143, 344, 'Отделение №1: ул. Шевченко, 8'),
(2144, 409, 'Отделение №1: ул. Кирова, 35 а (южная сторонаБ район деревянного моста)'),
(2145, 533, 'Отделение № 5 (до 10 кг), Мини-отделение: Электрометаллургов, 42г (маг."АТБ")'),
(2146, 97, 'Отделение №1: ул. Горького, 8'),
(2147, 27, 'Отделение №1: ул. Первомайская, 6б'),
(2148, 72, 'Отделение: ул. Франко, 21'),
(2149, 118, 'Отделение: ул. Советская, 12'),
(2150, 580, 'Отделение № 76 (до 15 кг) Мини-отделение: ул. Ильфа и Петрова, 10/1( маг."Фуршет")'),
(2151, 884, 'Отделение №1: ул. Молодежная, 1'),
(2152, 220, 'Отделение №1: ул. Тернопольская, 1'),
(2153, 113, 'Отделение №1: ул. Чкалова, 25'),
(2154, 487, 'Отделение № 1: ул. Молодежная, 26'),
(2155, 345, 'Отделение № 155 (до 5 кг), Мини-отделение: ул. Маршала Конева, 7 (маг. "Сильпо")'),
(2156, 457, 'Отделение №3: ул. Угорская, 22'),
(2157, 720, 'Отделение № 3: пер. Глекова, 2а (р-н военкомата)'),
(2158, 896, 'Отделение: ул. Приморская, 19б (Рынок "Приморский")'),
(2159, 161, 'Отделение №1: ул. Независимости, 13'),
(2160, 235, 'Отделение №1: пл. Победы, 7'),
(2161, 761, 'Отделение №1: ул. Колхозная, 10'),
(2162, 2, 'Отделение №1: ул. Мичурина, 28'),
(2163, 607, 'Отделение: ул. Бугайченко, 36'),
(2164, 596, 'Отделение № 1: ул. Центральная, 108'),
(2165, 606, 'Отделение №2 (до 30 кг на одно место): ул. Первомайская, 37а'),
(2166, 539, 'Отделение № 2 (до 30 кг на одно место): ул. Горького, 7а'),
(2167, 40, 'Отделение №1: ул. Калинина, 2'),
(2168, 345, 'Отделение № 164 (до 15 кг), Мини-отделение: ул. Радужная, 25а (маг."Абсолют")'),
(2169, 580, 'Отделение № 70 (до 15 кг) Мини-отделение: ул. Маршала Жукова, 3а, кв.6 (ТЦ "Успех")'),
(2170, 340, 'Отделение №2 (до 30 кг): ул. Пушкина, 93'),
(2171, 345, 'Отделение № 53 (до 30 кг на одно место): бульв. Ромена Ролана, 7 (Никольская Борщаговка)'),
(2172, 640, 'Отделение № 17 (до 30 кг на одно место): ул. Зиньковская, 14'),
(2173, 349, 'Отделение № 8 (до 30 кг на одно место): ул. Октябрьской Революции, 66а'),
(2174, 240, 'Отделение № 54 (до 15 кг) Мини-отделение: ул. Коммунаровская, 4 (маг."Cильпо")'),
(2175, 632, 'Отделение: ул. Лысенка, 20 А'),
(2176, 280, 'Отделение №7: ул. Космическая, 119'),
(2177, 414, 'Отделение №6 (до 30 кг на одно место): ул. Тухачевского, 41 (пом.65)'),
(2178, 414, 'Отделение №7 (до 30 кг на одно место): ул. Ленина, 55'),
(2179, 457, 'Отделение №5 (до 30 кг): ул. Данилишина, 2'),
(2180, 850, 'Отделение: ул. Б. Хмельницкого, 65'),
(2181, 478, 'Отделение №4 (до 30 кг): просп. Нахимова, 108'),
(2182, 15, 'Отделение: ул. Горбатова, 69'),
(2183, 685, 'Отделение №1: ул. Смирнова, 1а'),
(2184, 655, 'Отделение: ул. Кирова, 36'),
(2185, 211, 'Отделение №1: ул. Шевченко, 16б'),
(2186, 622, 'Отделение: ул. Ленина, 59а'),
(2187, 60, 'Отделение №1: ул. Независимости, 1'),
(2188, 598, 'Отделение №1: ул. Липовая, 44'),
(2189, 349, 'Отделение № 6 (до 30 кг на одне місце): ул. Короленко, 32 а'),
(2190, 349, 'Отделение №7 (до 30 кг на одно место): ул. Космонавта Попова 26, корп. 1'),
(2191, 828, 'Отделение №1: просп. Мира, 99/101'),
(2192, 149, 'Отделение №1: ул. Полесская, 1в'),
(2193, 824, 'Отделение № 48 (до 15 кг) Мини-отделение: ул. Полтавский Шлях, 46 ("Кредит Маркет")'),
(2194, 666, 'Отделение №1: ул. Каштановая, 29'),
(2195, 878, 'Отделение: ул. Ленина, 272'),
(2196, 317, 'Отделение № 4 (до 30 кг): ул. Зарифы Алиевой, 84'),
(2197, 387, 'Отделение №1: ул. Горького, 3'),
(2198, 345, 'Отделение №240 (до 30 кг): ул. Преображенская, 8б'),
(2199, 851, 'Отделение № 1: ул. Ленина, 13'),
(2200, 864, 'Отделение №1: ул. Ленина, 2'),
(2201, 741, 'Отделение: ул. Ленина, 7а'),
(2202, 536, 'Отделение: ул. Гагарина, 1 (отель "Центральний")'),
(2203, 891, 'Отделение: ул. Украинская, 36'),
(2204, 57, 'Отделение №1: ул. Чехова, 22/1'),
(2205, 728, 'Отделение № 1: ул. Центральная, 85а'),
(2206, 697, 'Отделение №1: ул. Достоевского, 20/2'),
(2207, 115, 'Отделение №1: ул. Гагарина,22'),
(2208, 345, 'Отделение № 184 (до 15 кг), Мини-отделение:просп. Григоренка, 43 (маг."МЕТРО")'),
(2209, 240, 'Отделение №74 (до 30 кг на одно место): ул. Косиора, 18'),
(2210, 260, 'Отделение №2 (до 30 кг на одно место): ул.Шевченко, 107а'),
(2211, 577, 'Отделение № 1: ул. Октябрьская, 14а'),
(2212, 457, 'Отделение № 28 (до 15 кг), Мини-отделение: ул. Княгини Ольги, 120 (маг."Арсен")'),
(2213, 382, 'Отделение №1: ул. Центральная, 121'),
(2214, 250, 'Отделение №1: ул. Леніна, 14'),
(2215, 436, 'Отделение №1: ул. Островского, 60'),
(2216, 328, 'Отделение №1: ул. Каракая, 34'),
(2217, 379, 'Отделение № 1: ул. Батуринская, 22а'),
(2218, 856, 'Отделение №1: ул. Хоменка 15'),
(2219, 223, 'Отделение №1: ул. Чкалова, 2г'),
(2220, 240, 'Отделение № 87 (до 30 кг): просп. Гагарина, 99б (возле ТЦ "Материк")'),
(2221, 457, 'Отделение №41 (до 30 кг) Мини-отделение: ул. Газовая, 34а'),
(2222, 240, 'Отделение №88 (до 30 кг): ул. Савкина, 2'),
(2223, 580, 'Отделение №1: Ленинградское шоссе, 27'),
(2224, 449, 'Отделение № 4 (до 30 кг на одно место): ул. Драгоманова, 33б'),
(2225, 818, 'Отделение №1: ул. Індустріальна, 14а'),
(2226, 457, 'Отделение № 25 (до 15 кг) Мини-отделение: ул. Патона, 37 (маг."Арсен")'),
(2227, 824, 'Отделение №34 (до 30 кг на одно место): ул. Энгельса, 14'),
(2228, 345, 'Отделение № 131 (до 5 кг), Мини-отделение: Днепровская набережная, 7 (маг."Фора")'),
(2229, 715, 'Отделение: ул. Розы Люксембург, 16'),
(2230, 414, 'Отделение №4 (до 30 кг на одно место): ул. Постишева, 2a'),
(2231, 345, 'Отделение № 156 (до 15 кг), Мини-отделение: просп. Порика, 5 (маг."Сильпо")'),
(2232, 824, 'Отделение № 57 (до 10 кг) Мини-отделение: просп. Ленина, 54 (отд."Приват Банк")'),
(2233, 20, ''),
(2234, 240, 'Отделение № 62 (до 10 кг), Мини-отделение: просп. Кирова, 11 (ТЦ "Miriada")'),
(2235, 739, 'Отделение №1: ул. Ковельская, 102'),
(2236, 640, 'Отделение №19 (до 30 кг): ул. Фрунзе, 185'),
(2237, 649, 'Отделение №1: ул. Ю. Коптева, 61'),
(2238, 831, 'Отделение №1: ул. Независимости, 60'),
(2239, 93, 'Отделение № 1: ул. Пушкина, 4'),
(2240, 252, 'Отделение №3 (до 30 кг): ул. М. Грушевского, 42'),
(2241, 824, 'Отделение № 20 (до 30 кг): ул. Новгородская, 4'),
(2242, 824, 'Отделение № 21 (до 30 кг): ул. Академика Проскуры, 1'),
(2243, 720, 'Отделение № 2 (до 30 кг на одно место): ул. Урицкого, 12'),
(2244, 280, 'Отделение № 15 (до 30 кг на одно место): ул. Курузова, 5'),
(2245, 280, 'Отделение № 16 (до 30 кг на одно место): просп. Ленина, 84'),
(2246, 826, 'Отделение № 7 (до 30 кг на одно место): просп. 200 лет Херсона, 30'),
(2247, 580, 'Отделение № 21 (до 30 кг на одно место): просп. Александровский, 21'),
(2248, 580, 'Отделение № 22 (до 30 кг): ул. Новосельского, 19'),
(2249, 580, 'Отделение №23 (до 30 кг): ул. Высоцкого, 23'),
(2250, 580, 'Отделение №24 (до 30 кг на одно место): ул. Среднефонтанская, 34'),
(2251, 580, 'Отделение №25 (до 30 кг на одно место): просп. Адмиральский, 18'),
(2252, 498, 'Отделение №2 (до 30 кг): ул. Сорочинская, 2а'),
(2253, 856, 'Отделение №8 (до 30 кг): ул. Благовестная, 379'),
(2254, 414, 'Отделение №13 (до 30 кг на одно место): ул. Мелешкина, 9, пом. 3'),
(2255, 412, 'Отделение № 7: ул. 1-й Песчаный Тупик,1'),
(2256, 412, 'Отделение №8 (до 30 кг): ул. Квартал 101, 2 (Водоканал)'),
(2257, 88, 'Отделение №3 (до 30 кг на одно место): бульв. Независимости, 16 а'),
(2258, 34, 'Отделение №4 (до 30 кг а одно место): бул. Первого Мая, 44'),
(2259, 141, 'Отделение № 7 (до 30 кг на одно место): ул. 600-летия, 50'),
(2260, 674, 'Отделение № 8 (до 30 кг на одно место): ул. Киевская, 21'),
(2261, 674, 'Отделение № 9 (до 30 кг на одно место): ул. Евгения Коновальца, 14 (р-н Северный)'),
(2262, 828, 'Отделение №11 (до 30 кг): ул. Проскуровского подполья, 71/1'),
(2263, 860, 'Отделение №8 (до 30 кг на одно место): ул. Героев Майдана, 186 В'),
(2264, 860, 'Отделение №9: ул. Калиновская, 13 б (рынок Добробут)'),
(2265, 307, 'Отделение № 6 (до 30 кг на одно место): ул. Надречная, 2а'),
(2266, 400, 'Отделение №1: ул. Грушевского, 112 (пом. Быткомбината)'),
(2267, 379, 'Отделение №4 (до 15 кг) Мини-отделение: ул. Лазаревского, 12 (ТЦ "Дом торговли")'),
(2268, 701, 'Отделение №3 (до 30 кг на одно место): ул. Науки, 22'),
(2269, 519, 'Отделение: ул. 50 лет СССР, 1/1'),
(2270, 529, 'Отделение № 16 (до 30 кг), Мини-отделение: просп. Октябрьский, 234в'),
(2271, 764, 'Отделение №1: ул. Ленина,18г'),
(2272, 706, 'Отделение № 1: ул. Ленина, 9а'),
(2273, 786, 'Отделение № 10 (до 30 кг): ул. Максима Кривоноса, 3'),
(2274, 724, 'Отделение: ул. Школьная, 23'),
(2275, 240, 'Отделение №31 (до 30 кг на одно место): ул. Рабочая, 89'),
(2276, 580, 'Отделение № 63 (до 30 кг): Фонтанская дорога, 14а'),
(2277, 240, 'Отделение № 55 (до 15 кг) Мини-отделение: просп. Гагарина, 3 (маг."Сильпо")'),
(2278, 814, 'Отделение: ул. Первомайская 8а, дом 8'),
(2279, 881, 'Отделение: ул. Ленина, 4'),
(2280, 404, 'Отделение №1: ул. Ленина, 132в'),
(2281, 345, 'Отделение № 222 (до 15 кг), Мини-отделение: ул. Дмитровская, 56 (маг."Brain")'),
(2282, 457, 'Отделение №42 (до 15 кг) Мини-отделение: просп. Вячеслава Чорновола, 67г(ТЦ"Интерсити")'),
(2283, 818, 'Отделение № 4 (до 30 кг на одно место): ул. Октябрьской революції, 74'),
(2284, 597, 'Отделение:ул. Князей Острожских, 3'),
(2285, 170, 'Отделение №1: ул. Героев Врадиевщины,162'),
(2286, 345, 'Отделение №30 (до 30 кг на одно место): ул. Привокзальная, 14 (Дарница ЖД)'),
(2287, 640, 'Отделение №13 (до 30 кг на одно место): ул. Великотырновская, 35/2'),
(2288, 640, 'Отделение №14 (до 30 кг на одно место): ул. Энгельса, 19а'),
(2289, 558, 'Отделение №2 (до 30 кг): ул. Великая Ковалевка, 6'),
(2290, 889, 'Отделение №1: ул. Ленина, 28'),
(2291, 104, 'Отделение № 1: ул. Чехова, 3а (территория МРЭО ГАИ)'),
(2292, 77, 'Отделение № 6 (до 10 кг), Мини-отделение: ул. Горького, 42/5 (маг."Фора")'),
(2293, 856, 'Отделение №9 (до 30 кг на одно место): ул. Остафия Дашкевича, 34'),
(2294, 676, 'Отделение № 1: ул. Галицкая, 126 (200 м. от заправки ОККО в направлении Львова)'),
(2295, 640, 'Отделение № 9 (до 30 кг): ул. Гоголя, 20'),
(2296, 604, 'Отделение № 1: ул. Ленина, 29а'),
(2297, 49, 'Отделение №5: ул. Котляревского, 2б'),
(2298, 457, 'Отделение №15 (до 30 кг): ул. Героев УПА, 6'),
(2299, 239, 'Отделение № 13 (до 15 кг) Мини-отделение: просп. Ленина, 57а (маг."Фуршет", Радуга)'),
(2300, 239, 'Отделение № 12 ( до 30 кг), Мини-отделение: бульв. Строителей, 27а (маг.VARUS, ТЦ"Терра")'),
(2301, 824, 'Отделение №30 (до 30 кг на одно место): просп. Московский, 259'),
(2302, 478, 'Отделение №2 (до 30 кг на одно место): ул. Варганова, 10'),
(2303, 345, 'Отделение № 211 (до 15 кг), Мини-отделение: ул. Ялтинская, 6 (маг."Фора")'),
(2304, 271, 'Отделение №1: ул. Дорошенко, 3'),
(2305, 345, 'Отделение № 250 (до 30 кг на одно место): ул. Пушкинская, 45/2'),
(2306, 345, 'Отделение №251 (до 30 кг): просп. Воссоединения, 5'),
(2307, 616, 'Отделение №1: ул. Щорса, 6'),
(2308, 826, 'Отделение № 8 (до 30 кг на одно место): ул. Перекопская ,173'),
(2309, 695, 'Отделение №2 (до 30 кг): ул. Широкая, 13'),
(2310, 824, 'Отделение № 68 (до 30 кг): просп. Ленина, 39'),
(2311, 78, 'Отделение №1: ул. Театральная, 17а'),
(2312, 154, 'Відділення №1: вул. Мира, 3'),
(2313, 56, 'Отделение № 1: ул. Советская, 13'),
(2314, 307, 'Отделение №9 (до 30 кг): бульв. Южный, 23'),
(2315, 580, 'Отделение № 77 (до 15 кг) Мини-отделение: Новониколаевская дорога, 1 (маг." Таврия В")'),
(2316, 97, 'Відділення № 2 (до 30 кг):бул. Богдана Хмельницкого, 4'),
(2317, 419, 'Отделение №3 (до 30 кг на одно место): ул. Энергетиков, 5'),
(2318, 835, 'Отделение №2 (до 30 кг): ул. Петенька Воеводы (раньше Терека), 1а'),
(2319, 240, 'Отделение №25 (до 30 кг на одно место): просп. Пушкина, 3'),
(2320, 240, 'Отделение №26 (до 30 кг): просп. Петровского, 34'),
(2321, 240, 'Отделение №27 (до 30 кг): ул. Космонавтов,4'),
(2322, 240, 'Отделение №1: ул. Маршала Малиновского, 98а'),
(2323, 805, 'Отделение: ул. Привокзальная, 3а'),
(2324, 465, 'Отделение: ул. Красноармейская, 2а'),
(2325, 786, 'Отделение №2 (до 30 кг): ул. Русская, 15'),
(2326, 345, 'Отделение № 292 (до 30 кг на одно место): ул. Полтавская, 10 (со стороны ул.Чорновола)'),
(2327, 468, 'Отделение № 1: ул. Колхозная, 2б'),
(2328, 280, 'Отделение № 43 (до 30 кг на одно место): ул. Бородинская, 11'),
(2329, 565, 'Отделение №1: ул. Ленина, 62'),
(2330, 557, 'Отделение №1: ул. Ленина, 108'),
(2331, 141, 'Отделение №2: ул. Липовецкая, 6а (ТЦ «Виват»)'),
(2332, 345, 'Отделение № 109 (до 5 кг), Мини-отделение: просп. Академика Глушкова, 31а (маг. "Фора")'),
(2333, 802, 'Отделение № 2 (до 15 кг),Мини-отделение: ул. Суховоля, 54а (ТЦ"Фуршет")'),
(2334, 345, 'Отделение №351 (до 15 кг), Мини-отделение: ул. Энтузиастов, 7'),
(2335, 438, 'Отделение №1: ул. Дрогобицкая, 35а'),
(2336, 860, 'Відділення № 15 (до 30 кг на одно место): ул. Комарова, 8а'),
(2337, 1, 'Отделение № 1: ул. Абрикосовая, 1'),
(2338, 811, 'Отделение № 1: ул. Ленина, 91ф'),
(2339, 242, 'Отделение №1: ул. 40 лет Октября, 34/2'),
(2340, 824, 'Отделение №9 (до 30кг): ул. Роганская, 101а'),
(2341, 824, 'Отделение №10 (до 30 кг на одно место): ул. Пушкинская, 96 (напротив парка "Молодежный"'),
(2342, 380, 'Отделение №1: ул. Громова, 6'),
(2343, 571, 'Отделение №1: пл. Авиации, 24/11'),
(2344, 388, 'Отделение №3 (до 30 кг на одно место): ул. Кирова, 55'),
(2345, 828, 'Отделение №2 (до 30 кг): ул. Геологов, 2 (територрия рынка "Пан Каблук")'),
(2346, 828, 'Отделение № 22 (до 30 кг): ул. Шевченко, 11'),
(2347, 664, 'Отделение: ул. Первомайская, 13'),
(2348, 440, 'Отделение: 3-й переулок Роменской, 1'),
(2349, 708, 'Отделение: ул. Ленина, 25'),
(2350, 425, 'Отделение №1: ул. Грушева, 28'),
(2351, 345, 'Отделение №62 (до 30 кг на одно место): просп. Григоренко, 22/20'),
(2352, 345, 'Отделение №63 (до 30 кг на одно место): ул. Набережно-Хрещатицкая, 15-17/18'),
(2353, 345, 'Отделение №64 (до 30 кг): ул. Васильковская, 55 (м. Выставочный Центр)'),
(2354, 239, 'Отделение №6 (до 30 кг): просп. Ленина, 70'),
(2355, 457, 'Отделение №58 (до 30 кг) Мини-отделение: ул. Владимира Великого, 58 (маг."Ашан")'),
(2356, 354, 'Отделение №1: ул. Дзержинского, 32'),
(2357, 580, 'Отделение №64: ул. Генерала Бочарова, 37'),
(2358, 529, 'Отделение № 19 (до 15 кг), Мини-отделение: ул. Чкалова, 82 (маг."Сильпо")'),
(2359, 345, 'Отделение № 140 (до 30 кг): ул. Софиевская, 17/15'),
(2360, 893, 'Отделение: ул. Фрунзе, 4'),
(2361, 735, 'Отделение: ул. Виноградского, 19 а'),
(2362, 345, 'Отделение № 132 (до 5 кг), Мини-отделение: ул. Оноре де Бальзака, 94 (маг. "Фора")'),
(2363, 16, 'Отделение №1: ул. Ворошилова, 48а'),
(2364, 574, 'Отделение №1: ул. Вокзальная, 2'),
(2365, 636, 'Отделение: ул. Ленина, 98'),
(2366, 378, 'Отделение №1: ул. Ленина, 46');
INSERT INTO `stores` (`id`, `cities_id`, `name`) VALUES
(2367, 50, 'Отделение № 2 (до 30 кг): ул. Карла Маркса, 20/13'),
(2368, 141, 'Отделение №1: ул. Глеба Успенского, 91'),
(2369, 141, 'Отделение №5 (до 30 кг на одно место): ул. Келецкая, 83'),
(2370, 269, 'Отделение №4 (до 30 кг): ул. Победы, 99'),
(2371, 269, 'Отделение №5 (до 30 кг): ул. Б. Тена, 9'),
(2372, 307, 'Отделение № 5 (до 10 кг): ул. Шевченка, 8'),
(2373, 454, 'Отделение №7 (до 30 кг): ул. Генерала Шухевича, 4'),
(2374, 674, 'Отделение № 6: ул. Киевская, 44 (возле кафе Мономах)'),
(2375, 478, 'Отделение №5 (до 30 кг на одно место): ул. Артема, 33 (Центр)'),
(2376, 399, 'Отделение №2 (до 30 кг на одно место): ул. Луначарского, 2'),
(2377, 240, 'Отделение №18 (до 30 кг на одно место): ул. Рабочая, 148'),
(2378, 534, 'Отделение № 1: ул. Шевченко, 40а'),
(2379, 538, 'Отделение №1: просп. Гагарина, 1а'),
(2380, 345, 'Отделение № 103 (до 5 кг), Мини-отделение: ул. Райдужная, 15, (маг. "Фуршет")'),
(2381, 345, 'Отделение № 104 (до 5 кг), Мини-отделение: ул. Братиславская, 14б, (маг. "Фуршет")'),
(2382, 673, 'Отделение № 1, ул. Петровского, 38'),
(2383, 696, 'Отделение №1: ул. Южновокзальная, 3'),
(2384, 700, 'Отделение №1: ул. Островского, 3'),
(2385, 702, 'Отделение № 1: ул. Суворова, 28'),
(2386, 843, 'Отделение №1: ул. Юности, 3'),
(2387, 470, 'Отделение №1: ул. Новая, 20а'),
(2388, 889, 'Отделение №2 (до 30 кг): ул. Короленко, 33а'),
(2389, 488, 'Отделение № 3 (до 30 кг): ул. 50-летия Победы, 29'),
(2390, 278, 'Отделение №1: ул. Пионерская, 2а'),
(2391, 581, 'Отделение: ул. Мирная, 21'),
(2392, 345, 'Отделение № 185 (до 30 кг), Мини-отделение: ул. Кольцевая дорога, 1в (маг."МЕТРО")'),
(2393, 345, 'Отделение № 157 (до 30 кг), Мини-отделение: ул. Дорогожицкая, 2 (маг."Сильпо")'),
(2394, 612, 'Отделение №1: ул. Октябрьская, 79'),
(2395, 627, 'Отделение №1: проул. Богдана Хмельницкого, 1'),
(2396, 620, 'Отделение: ул. Пушкина, 6'),
(2397, 631, 'Отделение: ул. Шевченка, 30'),
(2398, 656, 'Отделение №1: ул. Украинская, 34'),
(2399, 669, 'Отделение: ул. Карпатская, 12'),
(2400, 680, 'Отделение №1: ул. Освободителей , 1б'),
(2401, 813, 'Отделение № 7 (до 30 кг): ул. Юлии Жемайте, 1а'),
(2402, 845, 'Отделение: ул. Советская, 2а'),
(2403, 527, 'Отделение №1: ул. Ленина, 6'),
(2404, 542, 'Отделение №1: ул. Подольская, 10/2'),
(2405, 9, 'Отделение №1: ул. Ленина, 5а'),
(2406, 86, 'Отделение №1: ул. Энгельса, 5'),
(2407, 202, 'Отделение №1: ул. Ленина, 130'),
(2408, 710, 'Отделение № 1: ул. Советская, 1'),
(2409, 508, 'Отделение №1: ул. Привокзальная, 53б'),
(2410, 269, 'Отделение № 12 (до 30 кг): ул. Адмирала Щастного, 1/1'),
(2411, 269, 'Отделение №13 (до 30 кг): ул. Московская, 26'),
(2412, 269, 'Отделение № 14 (до 30 кг): ул. Черняховского, 1'),
(2413, 21, 'Отделение №1: ул. Урицкого, 17'),
(2414, 280, 'Отделение № 33 (до 15 кг) Мини-отделение: ул. Моторостроителей, 64 (маг."Ева")'),
(2415, 345, 'Отделение №86 (до 30 кг): ул. Зодчих, 34б'),
(2416, 345, 'Отделение №87 (до 30 кг): ул. Княжий Затон, 14б'),
(2417, 345, 'Отделение №88 (до 30 кг): ул. Якуба Коласа, 15б'),
(2418, 345, 'Отделение №89 (до 30 кг на одно место): ул. Глубочицкая, 28'),
(2419, 512, 'Отделение №4 (до 30 кг на одно место): ул. Комунаров, 36'),
(2420, 457, 'Отделение №17 (до 30 кг на одно место): ул. Шевченка, 323'),
(2421, 61, 'Отделение №1: ул. Ленина, 224'),
(2422, 414, 'Отделение №9 (до 30 кг на одно место): ул. Щорса, 23а'),
(2423, 349, 'Отделение №5 (до 30 кг): ул. Шевченко, 16б'),
(2424, 457, 'Отделение №7 (до 30 кг): ул. Лычаковская, 8'),
(2425, 551, 'Отделение №3 (до 30 кг): ул. Нововолынская, 53 (напротив школы №2) '),
(2426, 280, 'Отделение №10 (до 30 кг): ул. Гаврилова, 7'),
(2427, 280, 'Отделение №11 (до 30 кг на одно место): просп. Ленина, 208'),
(2428, 340, 'Отделение №1: ул. Мелитопольская, 7а'),
(2429, 488, 'Отделение №2 (до 30 кг): просп. Богдана Хмельницкого, 58/1'),
(2430, 580, 'Отделение № 78 (до 15 кг) Мини-отделение: просп. Добровольского, 122/1 (маг."BILLA")'),
(2431, 580, 'Отделение №93 (до 15 кг) Мини-отделение: ул. Академика Вильямса, 9а'),
(2432, 824, 'Отделение № 60 (до 15 кг) Мини-отделение: пров. Рогатинский, 3 (маг."Рост")'),
(2433, 44, 'Отделение №1: ул. Независимости, 243'),
(2434, 518, 'Отделение № 6 (до 15 кг) Мини-отделение, ул. Шевченко, 21б (маг."Альянс")'),
(2435, 212, 'Отделение №1: ул. Советская, 7'),
(2436, 345, 'Отделение №51: ул. Красноткацкая, 91'),
(2437, 376, 'Отделение №1: ул. Киевская, 42'),
(2438, 240, 'Отделение №8: просп. Гагарина, 112а'),
(2439, 674, 'Отделение № 33 (до 10 кг), Мини-отделение: ул. Мирющенко, 31 (терит. Городской поликлиники)'),
(2440, 478, 'Отделение №11 (до 30 кг на одно место): просп. Ильича, 69 (напротив кафе "Никополь-Провиданс")'),
(2441, 529, 'Отделение №14 (до 30 кг на одно место): просп. Ленина, 159'),
(2442, 529, 'Отделение № 15 ( до 30 кг): ул. Космонавтов, 53/1'),
(2443, 580, 'Отделение №27 (до 30 кг): ул. Бочарова, 6'),
(2444, 580, 'Отделение №28 (до 30 кг на одно место): ул. Академика Королева, 94'),
(2445, 580, 'Отделение №29 (до 30 кг на одно место): ул. 25-й Чапаевской дивизии, 17'),
(2446, 529, 'Отделение № 18 (до 30 кг на одно место): просп. Октябрьский, 342/2'),
(2447, 445, 'Отделение №1: пер. Севастопольский, 2б'),
(2448, 350, 'Отделение № 1: ул. Центральная, 44а'),
(2449, 824, 'Отделение №40: ул. Тарасовская, 3'),
(2450, 345, 'Отделение №94 (до 30 кг на одно место): бульв. Т. Шевченка, 46а '),
(2451, 345, 'Отделение №95 (до 30 кг): просп. Голосеевский, 68 ( возле отеля "Мир")'),
(2452, 345, 'Отделение №96 (до 30 кг на одно место): просп. Комарова, 38а'),
(2453, 345, 'Отделение №98 (до 30 кг), Мини-отделение: просп. Московский, 8, (авод "Маяк", фасад)'),
(2454, 345, 'Отделение №99 (до 30 кг): ул. Космонавта Волкова, 10 (в магазине "Продукты")'),
(2455, 856, 'Отделение №11 (до 30 кг на одно место): ул. Ленина, 6'),
(2456, 857, 'Отделение №8 (до 30 кг на одно место): ул. Пухова, 142'),
(2457, 580, 'Отделение №37 (до 30 кг на одно место): ул. Александра Невского, 57'),
(2458, 35, 'Отделение №2 (до 30 кг): ул. Дзержинского, 54'),
(2459, 280, 'Отделение №21 ( до 30 кг на одно место): ул. Новгородская, 9'),
(2460, 280, 'Отделение №22 (до 30 кг на одно место): ул. Чаривная, 121'),
(2461, 826, 'Отделение № 13: вул. Зала Эгерсег, 18 (ТРЦ Фабрика)'),
(2462, 826, 'Отделение №2 (до 30 кг на одно место): ул. Ушакова, 50'),
(2463, 358, 'Отделение №1: ул. Степная, 4'),
(2464, 418, 'Отделение №1: ул. Балукова, 5'),
(2465, 121, 'Отделение №1: ул. Сагайдачного, 47'),
(2466, 343, 'Отделение №1: ул. Жукова, 24в'),
(2467, 225, 'Отделение № 1: ул. Трибушанская, 15'),
(2468, 239, 'Отделение № 11 ( до 30 кг на одно место): просп. Аношкина, 115'),
(2469, 414, 'Отделение № 27 ( до 15 кг), Мини-отделение: ул. Мелешкина, 51а (маг."АТБ")'),
(2470, 240, 'Отделение № 90 (до 30 кг на одно место): ул. Красного Козачества, 25б'),
(2471, 674, 'Отделение №14 (до 30 кг), Мини-отделение: ул. Макарова, 23 (ТРЦ "Экватор")'),
(2472, 674, 'Отделение № 15: ул. Дубенская, 46'),
(2473, 678, 'Отделение: ул. Независимости, 82'),
(2474, 193, 'Отделение №1: ул. Ленина, 43'),
(2475, 641, 'Отделение № 1: ул. Духновича, 92'),
(2476, 213, 'Отделение №1: ул. А. Колпака, 2а'),
(2477, 681, 'Отделение №1: ул. Ивана Франка, 6а'),
(2478, 227, 'Отделение №1: ул. 17-го Сентября, 10'),
(2479, 282, 'Отделение №1: ул. Партизанская, 3'),
(2480, 786, 'Отделение №6 (до 30 кг): просп. Степана Бандеры, 80'),
(2481, 873, 'Отделение №1: ул. Жалезнодорожная, 87'),
(2482, 674, 'Отделение №2 (до 30 кг на одно место): ул. Чорновола, 14/16 '),
(2483, 34, 'Отделение №5 (до 30 кг): бул. 50-летия Победы, 86'),
(2484, 141, 'Отделение № 17 (до 30 кг на одно место): ул. Василия Порика, 5а'),
(2485, 101, 'Отделение №1: ул. Ленина, 221д'),
(2486, 33, 'Отделение №1: ул. Совхозная, 4'),
(2487, 435, 'Отделение № 1: ул. Ленина, 131'),
(2488, 856, 'Отделение №10 (до 30 кг на одно место): ул. Одесская, 8'),
(2489, 399, 'Отделение №4: ул. Хабаровская, 34'),
(2490, 824, 'Отделение №38 (до 30 кг на одно место): просп. Косиора, 184'),
(2491, 826, 'Отделение №11 (до 30 кг на одно место): ул. 40-летия Октября, 110'),
(2492, 414, 'Отделение №20 (до 30 кг на одно место): микрорайон Солнечный, 41а'),
(2493, 578, 'Отделение: ул. Дзержинского, 40'),
(2494, 606, 'Отделение №3: ул. Советская, 39'),
(2495, 280, 'Отделение № 28 ( до 30 кг на одно место): ул. Запорожская, 2'),
(2496, 119, 'Отделение № 1: ул. Ленина, 46'),
(2497, 345, 'Отделние № 202 (до 30 кг): просп. Георгия Гонгадзе, 5'),
(2498, 345, 'Отделение № 186 (до 15 кг), Мини-отделение: просп. Московский, 26в ( маг. МЕТРО)'),
(2499, 395, 'Отделение №1: ул. Островского, 21'),
(2500, 638, 'Отделение: ул. Пролетарская, 29'),
(2501, 712, 'Отделение №1: ул. Парижской Коммуны, 103'),
(2502, 471, 'Отделение №1: ул. Фрунзе, 21б'),
(2503, 333, 'Отделение №1: ул. Советская, 4'),
(2504, 22, 'Отделение №1: ул. 8-го Марта, 3б'),
(2505, 345, 'Отделение №360 (до 15 кг), Мини-отделение: бульв. Леси Украинки, 5(маг."Фуршет")'),
(2506, 580, 'Отделение № 65 (до 15 кг) Мини-отделение: ул. Степовая, 28 (маг."Обжора")'),
(2507, 763, 'Отделение №13 (до 30 кг): ул. Пролетарская, 50'),
(2508, 550, 'Отделение №1: ул. Кирьяненко, 62'),
(2509, 529, 'Отделение №5 (до 30 кг на одно место): просп. Героев Сталинграда, 77/1'),
(2510, 790, 'Отделение: ул. Революционная, 63'),
(2511, 835, 'Отделение №1: ул. Тимирязева, 37'),
(2512, 813, 'Отделение №2 (до 30 кг на одно место): ул. Станционная, 16/1'),
(2513, 580, 'Отделение №7 (до 30 кг): ул. Жуковского, 10'),
(2514, 580, 'Отделение №8 (до 30 кг): ул. Тираспольская, 31 (ЦЕНТР)'),
(2515, 580, 'Отделение № 79 (до 10 кг) Мини-отделение, ул. Пушкинская, 72 (маг."ЦУМ")'),
(2516, 146, 'Отделение №1: ул. Майдан Шевченко, 18'),
(2517, 457, 'Отделение № 22 (до 30 кг на одно место): ул. Городоцкая, 174'),
(2518, 409, 'Отделение №2 (до 30 кг на одно место): ул. Свободы, 28а, корп. 3'),
(2519, 345, 'Отделение № 147 (до 30 кг) просп. Маяковского, 97/15'),
(2520, 577, 'Отделение № 4 (до 10 кг) Мини-отделение: ул. Киевская, 107 (маг."Фуршет")'),
(2521, 433, 'Отделение № 1: ул. Независимости, 92'),
(2522, 773, 'Отделение № 1: ул. Комсомольская, 48'),
(2523, 665, 'Отделение №1: ул. Европейская, 177'),
(2524, 35, 'Отделение №1: ул. Победи, 11а'),
(2525, 176, 'Отделение № 3 ( до 30 кг на одно место): просп. Тараса Шевченка, 2д'),
(2526, 67, 'Отделение №1: ул. Независимости, 65а (помещение дома "Быта")'),
(2527, 420, 'Отделение №1: пер. Почтовый, 27 в (напротив Центра занятости)'),
(2528, 259, 'Отделение №1: ул. Гоголя, 45б'),
(2529, 826, 'Отделение №1: просп. Адмирала Сенявина, 27'),
(2530, 74, 'Отделение: ул. Петрушевича, 4'),
(2531, 351, 'Отделение№1: ул. Независимости, 107 а'),
(2532, 824, 'Отделение №39 (до 30 кг на одно место): просп. Гагарина, 48'),
(2533, 852, 'Отделение: ул. Матросова, 19 б'),
(2534, 513, 'Отделение №1: ул. Соборная, 47'),
(2535, 643, 'Отделение: ул. Победы, 83'),
(2536, 8, 'Отделение: ул. Независимости, 19'),
(2537, 368, 'Отделение №1: ул. Берестецкая, 128'),
(2538, 859, 'Отделение: ул. Черкасская, 18'),
(2539, 162, 'Отделение №1: ул. Дзержинского, 17'),
(2540, 50, 'Отделение №3: ул, Шевченко, 71'),
(2541, 895, 'Отделение №2 (до 30 кг на одно место): ул. Центральная, 4'),
(2542, 723, 'Отделение: ул. Казакова, 43'),
(2543, 345, 'Отделение № 158 (до 15 кг), Мини-отделение: просп. Бажана, 30 (маг. "Фора")'),
(2544, 674, 'Отделение №12 (до 30 кг на одно место): ул. Черняка, 4'),
(2545, 824, 'Отделение № 25 (до 30 кг на одно место): просп. Тракторостроителей, 57а'),
(2546, 580, 'Отделение № 44 (до 15 кг) Мини-отделение: проул. Симафорный, 4 (маг. "Фуршет")'),
(2547, 824, 'Отделение №7: просп. Победы, 55е'),
(2548, 260, 'Отделение №1: ул. Красинських, 20а'),
(2549, 836, 'Отделение №1: ул. Хировская, 133'),
(2550, 92, 'Отделение №1: ул. Сухомлинского, 2'),
(2551, 824, 'Отделение № 71 (до 30 кг): ул. Роганская, 13'),
(2552, 883, 'Отделение №3 ( до 30 кг): ул. Карла Маркса, 74'),
(2553, 813, 'Отделение №6 (до 30 кг): ул. Ивана Франка, 1д (офис 2)'),
(2554, 704, 'Отделение: ул. Красная Площадь, 58'),
(2555, 580, 'Отделение № 80 (до 15 кг) Мини-отделение: ул. Маршала Жукова, 101м (маг."МЕТРО")'),
(2556, 345, 'Отделение № 136 (до 10 кг), Мини-отделение: ул. Святошинская, 16 (маг."Фора")'),
(2557, 345, 'Отделение №352 (до 30 кг), Мини-отделение: ул. Здолбуновская, 7г (маг."NOVUS")'),
(2558, 640, 'Отделение №11 (до 30 кг на одно место): ул. Красина, 79'),
(2559, 722, 'Отделение №3 (до 30 кг на одно место): ул. Ленина, 73'),
(2560, 657, 'Отделение №1: ул. Мирошниченко, 101'),
(2561, 136, 'Отделение №1: ул. Украинская, 87'),
(2562, 826, 'Отделение № 15 (до 10 кг), Мини-отделение: ул. Дорофеева, 30 ( маг."Велика Кишеня")'),
(2563, 826, 'Отделение № 16 (до 15 кг), Мини-отделение: просп. Строителей, 27а (маг."Сильпо")'),
(2564, 401, 'Отделение №3 (до 30 кг): ул. Социалистическая, 12'),
(2565, 725, 'Отделение: ул. Суворова, 61'),
(2566, 126, 'Отделение №1: ул. Львовская, 76'),
(2567, 49, 'Отделение №3 (до 30 кг на одно место): ул. К.Либкнехта, 56'),
(2568, 388, 'Отделение №2 (до 30 кг на одно место): ул. Сосновського 25'),
(2569, 256, 'Відділення №2 (до 30 кг): ул. Свободы, 7'),
(2570, 445, 'Отделение № 3 (до 30 кг): ул. Володарского, 23'),
(2571, 580, 'Отделение №12 (до 30 кг): пер. Маяковского, 9'),
(2572, 280, 'Отделение № 30 (до 15 кг),Мини-отделение: ул. Заднепровская, 9 (маг."Сильпо")'),
(2573, 488, 'Отделение №1: ул. Дзержинского, 21/1 (админ. корпус завода "Агат", ул. Ленина, 2)'),
(2574, 813, 'Отделение №3 (до 30 кг): ул. Панаса Мирного, 2'),
(2575, 389, 'Отделение №1: ул. Карла Маркса, 56'),
(2576, 544, 'Отделение №1: ул. Кирова, 12'),
(2577, 345, 'Отделение №1: ул. Краснознаменная, 154'),
(2578, 699, 'Отделение №2 (до 30 кг): ул. Богдана Хмельницкого, 34'),
(2579, 240, 'Отделение №7 (до 30 кг): просп. Кирова, 8а'),
(2580, 148, 'Отделение №1: ул. 20-го июля, 8 а'),
(2581, 810, 'Отделение №1: ул. Шахтерская, 3'),
(2582, 280, 'Отделение № 17 (до 30 кг на одно место): ул. Авраменка, 13'),
(2583, 240, 'Отделение №30 (до 30 кг): просп. Героев, 3 (ТЦ "Кодак")'),
(2584, 240, 'Отделение №29 (до 30 кг): ул. Титова, 21'),
(2585, 414, 'Отделение №15 (до 30 кг на одно место): просп. Мира, 31'),
(2586, 674, 'Отделение №10 (до 30 кг на одно место): ул. Пересопницкая, 58(возле Драмтеатра)'),
(2587, 674, 'Отделение №11: ул. Фабричная, 1'),
(2588, 860, 'Отделение № 10 (до 30 кг на одно место): ул. Котляревского, 7'),
(2589, 860, 'Отделение №11 (до 30 кг на одно место): ул. Александри Василе, 2в (Садгора)'),
(2590, 533, 'Отделение № 3 (до 30 кг на одно место): просп. Трубников, 32, кв. 1-2'),
(2591, 50, 'Отделение №1: ул. Юннатов, 10'),
(2592, 529, 'Отделение №11 (до 30 кг): просп.Мира, 13'),
(2593, 310, 'Отделение №2 (до 30 кг на одно место): ул. Комсомольская, 57 '),
(2594, 239, 'Отделение № 5 (до 30 кг на одно место): ул. Бойко, 25'),
(2595, 345, 'Отделение №100 (до 15 кг), Мини-отделение: ул. Инженерная, 1, (маг. "Фуршет")'),
(2596, 240, 'Отделение № 65 (до 15 кг), Мини-отделение: просп. Газеты "Правда", 13 (маг."Єва")'),
(2597, 443, 'Отделение №1: ул. Фабрициуса, 26 (автошкола )'),
(2598, 345, 'Отделение № 257 (до 10 кг), Мини-отделение: просп. Броварской, 51 (маг."Фора")'),
(2599, 345, 'Отделение № 187 (до 30 кг), Мини-отделение: ул. Сабурова, 2а (маг."МЕТРО")'),
(2600, 629, 'Отделение: ул. Гребёнковская, 20а'),
(2601, 179, 'Отделение №1: ул. Лохвицкая, 30в'),
(2602, 668, 'Отделение №1: ул. Ленина, 113'),
(2603, 662, 'Отделение №1: ул. Школьная, 1'),
(2604, 345, 'Отделение № 231 (до 10 кг), Мини-отделение: ул. Метрологическая, 14 (маг."Фора")'),
(2605, 824, 'Отделение № 61 (до 10 кг) Мини-отделение: ул. Отакара Яроша, 23 (маг."Brain")'),
(2606, 280, 'Отделение № 34 (до 15 кг) Мини-отделение: ул. Союзная, 77 (маг."proStor")'),
(2607, 280, 'Отделение № 35 (до 15 кг) Мини-отделение: ул. Автозаводская, 11 (маг."АТБ")'),
(2608, 649, 'Отделение № 4 (до 15 кг), Мини-отделение: ул. Киевская, 230 ж/б (район 6-й школы)'),
(2609, 329, 'Отделение № 7 (до 30 кг): Хмельницкое шоссе, 15'),
(2610, 857, 'Отделение № 9 (до 10 кг) Мини-отделение: ул. Независимости, 32 (маг."Великая Кишеня")'),
(2611, 141, 'Отделение № 16 (до 30 кг на одно место): просп. Коцюбинского, 70, (ТЦ "ПетроЦентр")'),
(2612, 326, 'Отделение №1: ул. Проектная, 1'),
(2613, 900, 'Отделение № 2: ул. Шевченко, 12'),
(2614, 457, 'Отделение №64 (до 30 кг): ул. Свенцицкого, 5'),
(2615, 345, 'Отделение № 128 (до 15 кг), Мини-отделение: пл. Спортивная, 1, (ТРЦ "Gulliver")'),
(2616, 580, 'Отделение № 45 (до 15 кг) Мини-отделение: просп. Адмиральский, 1(маг."Brain")'),
(2617, 345, 'Отделение № 159 (до 15 кг), Мини-отделение: бульв. Лепсе, 45 (маг."Фора")'),
(2618, 189, 'Отделение №2 (до 30 кг на одно место): ул. Карла Маркса, 174'),
(2619, 431, 'Отделение №1: ул. Ленина, 56а'),
(2620, 87, 'Отделение №1: ул. Больничная, 1а'),
(2621, 426, 'Отделение №1: ул. Ленина, 106'),
(2622, 812, 'Отделение №1: ул. Химиков, 5б'),
(2623, 345, 'Отделение №10: просп. Голосеевский, 118в'),
(2624, 824, 'Отделение № 45 (до 30 кг): ул. Энвера Ахсарова, 18'),
(2625, 763, 'Отделение № 12 (до 15 кг) Мини-отделение: ул. Харьковская, 9 (маг."BILLA")'),
(2626, 345, 'Отделение № 105 (до 15 кг), Мини-отделение: ул. Вышгородская, 21, (маг. "Фуршет")'),
(2627, 862, 'Отделение №1: ул. Гвардейская, 66'),
(2628, 907, 'Отделение: ул. Мира, 48'),
(2629, 125, 'Отделение №1: ул. Полевая, 14'),
(2630, 749, 'Отделение № 1: ул. Калинина, 4а'),
(2631, 457, 'Отделение № 26 (до 15 кг) Мини-отделение: ул. Богдана Хмельницкого, 176 (маг."Фуршет")'),
(2632, 334, 'Отделение №2 (до 30 кг на одне место): ул. Шевченко, 3'),
(2633, 345, 'Отделение№ 192 (до 15 кг), Мини-отделение: ул. Якуба Коласа, 25 (маг."Фора")'),
(2634, 173, 'Отделение №1: ул. Октябрськая, 25'),
(2635, 879, 'Отделение: ул. С. Шковороды, 29'),
(2636, 385, 'Отделение №1: ул. Октябрьской Революції, 5а'),
(2637, 280, 'Отделение №4 (до 30 кг на одно место): ул. Якова Новицкого, 4'),
(2638, 857, 'Отделение №5 (до 30 кг на одно место): просп. Мира, 180а'),
(2639, 545, 'Отделение №1: ул. Артема, 1'),
(2640, 200, 'Відділення №1: ул. Танкистов, 45'),
(2641, 32, 'Отделение №1: ул. Мазепы, 26'),
(2642, 34, 'Отделение № 8 (до 15 кг),Мини-отделение: Сквирское шоссе, 230 (маг."Сильпо")'),
(2643, 453, 'Отделение №1: Ковельская, 4а'),
(2644, 198, 'Отделение №1: ул. Октябрьская, 3'),
(2645, 240, 'Отделение № 56 (до 10 кг), Мини-отделение: просп. Карла Маркса, 60 (маг."ProStor")'),
(2646, 473, 'Отделение: ул. Шевченка, 158'),
(2647, 523, 'Отделение №1: ул. Ленина, 50б'),
(2648, 580, 'Отделение №36 (до 30 кг на одно место): ул. Гайдара, 5'),
(2649, 850, 'Отделение №2 (до 30 кг на одно место): ул. Шевченко, 5'),
(2650, 304, 'Отделение №1: ул. 8-го марта, 5'),
(2651, 768, 'Отделение: ул. Дружбы, 24'),
(2652, 141, 'Отделение №6 (до 30 кг): ул. Зодчих, 10'),
(2653, 345, 'Отделение № 41 (до 30 кг на одно место): бул. Русановский, 4'),
(2654, 753, 'Отделение №1: ул. Молодежная, 4б'),
(2655, 345, 'Отделение №253 (до 30 кг): ул. Щербакова, 59'),
(2656, 594, 'Отделение №1: ул. Куйбышева, 6г'),
(2657, 824, 'Отделение № 73 (до 15 кг) Мини-отделение: ул. Академика Павлова, 44б'),
(2658, 325, 'Отделение № 1: ул. Игорева, 4'),
(2659, 524, ''),
(2660, 148, 'Отделение №3 (до 30 кг): ул. Князя Василько, 8б'),
(2661, 239, 'Отделение №7 (до 30 кг): ул. Сыровца, 6'),
(2662, 240, 'Отделение №40 (до 30кг): ул. Героев Гражданской войны, 17'),
(2663, 824, 'Отделение №1: ул. Плехановская, 126'),
(2664, 824, 'Отделение №31(до 30кг на 1место): ТЦ "Барабашова", Пл. "Вьетнам", мест С-008-21-0782, -0783, -0784'),
(2665, 345, 'Отделение № 110 (до 15 кг), Мини-отделение: Харьковское шоссе, 19 (ЖК "Мега Сити")'),
(2666, 532, 'Отделение №1: ул. Пархоменка, 5'),
(2667, 817, 'Отделение №1: переул. Ленина, 4а'),
(2668, 674, 'Отделение № 13: ул. Шевченко, 18'),
(2669, 313, 'Отделение №1: ул. Красина, 2'),
(2670, 439, 'Отделение №1: микрорайон Военный городок'),
(2671, 280, 'Отделение № 23 (до 30 кг на одно место): ул. Гагарина, 4'),
(2672, 280, 'Отделение №24 ( до 30 кг на одно место): ул. Энтузиастов, 3, пом.37'),
(2673, 345, 'Отделение № 146 (до 30 кг на одно место): ул. Фрунзе, 126/2'),
(2674, 345, 'Отделение № 148: просп. Победы, 67 (корпус L)'),
(2675, 345, 'Отделение № 149 (до 30 кг на одно место): просп. Маяковского, 63/12'),
(2676, 345, 'Отделение № 212 (до 15 кг), Мини-отделение: бульв. Перова, 14 (маг."Фора")'),
(2677, 688, 'Отделение №1: ул. Белгородская, 8'),
(2678, 280, 'Отделение № 36 (до 15 кг) Мини-отделение: просп. 40-летия Победы, 11а(маг."Сильпо")'),
(2679, 240, 'Отделение № 66 (до 15 кг), Мини-отделение: просп. Штурманский, 7с (маг."Ева")'),
(2680, 71, 'Отделение №1: ул. Карла Маркса, 64а'),
(2681, 824, 'Отделение №62 (до 15 кг) Мини-отделение: ул. Вальтера, 10'),
(2682, 580, 'Отделение № 46 (до 15 кг) Мини-отделение: Днепропетровская дорога, 125б (маг."Фуршет")'),
(2683, 516, 'Отделение № 1: ул. Главная, 29а'),
(2684, 774, 'Отделение №1: ул. Ленина, 18'),
(2685, 386, 'Отделение №1: ул. Согласия, 25'),
(2686, 580, 'Отделение № 81 (до 15 кг) Мини-отделение: ул. Аэропортовская, 29 (маг."МЕТРО")'),
(2687, 755, 'Отделение: Житомирское шоссе, 21 (склад Mary Kay)'),
(2688, 475, 'Отделение №1: ул. Луцкая, 19'),
(2689, 345, 'Отделение № 137 (до 15 кг), Мини-отделение: ул. Тростянецкая, 6г (маг. "Фора")'),
(2690, 719, 'Отделение №2 (до 30 кг): ул. Привокзальная, 2'),
(2691, 414, 'Отделение № 25 (до 15 кг), Мини-отделение: просп. Металлургов, 36 (маг."Фокстрот")'),
(2692, 580, 'Отделение № 58 ( до 30 кг): ул. Академика Филатова, 62'),
(2693, 580, 'Отделение № 59 ( до 30 кг): ул. Французский бульвар, 9'),
(2694, 414, 'Отделение №3 (до 30 кг на одно место): ул. Кропивницкого, 29в'),
(2695, 307, 'Отделение № 30 (до 10 кг), Мини-отделение: ул. Коновальца, 11а (маг."Brain")'),
(2696, 174, 'Отделение №1: ул. Трудовая, 1в'),
(2697, 813, 'Отделение №4 (до 30 кг): ул. Капушанская,154а'),
(2698, 449, 'Отделение №2 (до 30 кг на одно место): ул. Советская, 21'),
(2699, 401, 'Отделение №1: ул. Артема, 169 (АЗС УкрТАТ Нафта)'),
(2700, 240, 'Отделение №32 (до 30 кг на одно место): ул. Дзержинского, 10'),
(2701, 240, 'Отделение №33 (до 30 кг на одно место): пер. Парусный, 19'),
(2702, 240, 'Отделение №34 (до 30 кг на одно место): просп. Калинина, 3а'),
(2703, 240, 'Отделение №35 (до 30 кг): ул. Кондукторская, 2б (ж/м Северный)'),
(2704, 411, 'Отделение №1: ул. Победы, 6б'),
(2705, 180, 'Отделение №1: ул. Кирова, 3е'),
(2706, 312, 'Отделение №1: ул. Заславская, 6'),
(2707, 307, 'Отделение № 29 (до 30 кг): ул. Мазепы, 42'),
(2708, 345, 'Отделение № 160 (до 5 кг), Мини-отделение: просп. Оболонский, 20 (маг."VARUS")'),
(2709, 555, 'Отделение: Квартал 22, буд. 1а'),
(2710, 364, 'Отделение №1: ул. Комсомольская, 40'),
(2711, 267, 'Отделение №1: ул. Шевченко, 17'),
(2712, 457, 'Отделение 23 ( до 30 кг ): ул. Симона Петлюры, 2'),
(2713, 307, 'Отделение № 11 (до 30 кг на одно место): ул. Грушевского, 14'),
(2714, 345, 'Отделение №119 (до 30 кг), Мини-отделение: ул. Саперно-Слободская, 10, (маг. "Велика Кишеня")'),
(2715, 345, 'Отделение №203 (до 30 кг): просп. Отрадный, 6/1'),
(2716, 155, 'Отделение №1: ул. Юбилейная, 4'),
(2717, 311, 'Отделение №1: ул. Соборная, 46'),
(2718, 423, 'Отделение №1: ул. Дзержинского, 56'),
(2719, 512, 'Отделение №2 (до 30 кг): ул. Мира, 55'),
(2720, 359, 'Отделение №2 (до 30 кг на одно место): ул. Театральная, 18 (кинотеатр им. Л. Украинки)'),
(2721, 660, 'Отделение: ул. Волковенко, 1а'),
(2722, 394, 'Отделение №1: ул. Ровенская, 107'),
(2723, 55, 'Отделение №1: ул. Ленина, 157'),
(2724, 701, 'Отделение №1: ул. Федоренко, 10, корп. 2 (торг. центр "ДЖАЗ")'),
(2725, 502, 'Отделение №1: ул. Полищука, 61'),
(2726, 512, 'Отделение № 6 (до 30 кг на одно место): ул. Мункачи, 6'),
(2727, 580, 'Отделение №16 (до 30 кг на одно место): ул. Академика Королева, 1'),
(2728, 457, 'Отделение №18 (до 30 кг) : ул. Научная, 12а'),
(2729, 786, 'Отделение №9 (до 30 кг): ул. Киевская, 18'),
(2730, 345, 'Отделение №90 (до 30 кг): просп. Победы, 80/57'),
(2731, 345, 'Отделение №91 (до 30 кг на одно место): ул. Академика Заболотного, 48а'),
(2732, 345, 'Отделение №93 (до 30 кг): ул. Шота Руставели, 31а'),
(2733, 640, 'Отделение № 12 (до 30 кг на одно место): ул. Сенная, 2/49'),
(2734, 280, 'Отделение №20 (до 30 кг на одно место): ул. Лермонтова, 15 (ул. Патриотическая, 48)'),
(2735, 457, 'Отделение №2: ул. Пластова, 7'),
(2736, 345, 'Отделение №193 (до 15 кг), Мини-отделение: просп. Строителей, 40 (ТЦ "DOMA Center")'),
(2737, 345, 'Отделение №194 (до 15 кг), Мини-отделение: ул. Ижакевича, 1/24 (маг."Фора")'),
(2738, 80, 'Отделение №1: ул. Ленина, 248/1'),
(2739, 331, 'Отделение №1: ул. Сенюка, 2а'),
(2740, 533, 'Отделение №1: ул. Кооперативная, 5'),
(2741, 280, 'Отделение №3: ул. Айвазовского, 9 (правый берег)'),
(2742, 488, 'Отделение №8 (до 30 кг): ул. Ломоносова, 234'),
(2743, 142, 'Отделение №1: ул. Грушевского, 48'),
(2744, 695, 'Отделение №1: ул. Варшавская, 2е'),
(2745, 828, 'Отделение №16: ул. Геологов, 5/2 (перед рынком "МИВС")'),
(2746, 860, 'Отделения №12 (до 30 кг на одне місце): пр. Парковый, 2'),
(2747, 860, 'Отделение №13 (до 30 кг на одно месте): ул. Буковинская, 25'),
(2748, 860, 'Отделение №14 (до 30 кг на одно место): ул. Небесной Сотни, 20'),
(2749, 512, 'Отделение №3 (до 30 кг): ул. Осипенка, 35в'),
(2750, 786, 'Отделение №7 (до 30 кг): ул. Леся Курбаса, 5'),
(2751, 19, 'Отделение № 2 (до 30 кг): ул. Октябрьская, 18'),
(2752, 729, 'Отделение: ул. Шевченко, 5'),
(2753, 417, 'Отделение №1: ул. Пионерская, 23'),
(2754, 345, 'Отделение №55 (до 30 кг): ул. Островского, 60 (Соломенка)'),
(2755, 345, 'Отделение №56 (до 30 кг на одно место): ул. Лятошинского, 24'),
(2756, 345, 'Отделение № 57 (до 30 кг на одно место): ул. Константиновская, 24 (м. Контрактовая пл.)'),
(2757, 345, 'Отделение №58 (до 30 кг на одно место): ул. Выборгская, 49'),
(2758, 345, 'Отделение №59 (до 30 кг): ул. Воровского, 39/11'),
(2759, 234, 'Отделение №1: микрорайон Светлий, "Рынок Лидер" 3/1'),
(2760, 345, 'Отделение № 258 (до 10 кг),Мини-отделение : ул. Срибнокильска, 3г (ТРЦ "InSilver")'),
(2761, 537, 'Отделение №1: ул. Октябрьская, 119а'),
(2762, 457, 'Отделение № 65 (до 30 кг): ул. Научная, 96б'),
(2763, 307, 'Отделение №2 (до 30 кг): ул. Вовчинецкая, 26'),
(2764, 240, 'Отделение №4: ул. Ленинградская, 19'),
(2765, 345, 'Отделение №25 (до 30 кг на одно место): ул. М. Тимошенко, 9'),
(2766, 345, 'Отделение №26 (до 30 кг на одно место): ул. Киквидзе, 31 (Верхняя Теличка)'),
(2767, 640, 'Отделение №20 (до 15 кг), Мини-отделение: Киевское шоссе, 44 (Авторынок)'),
(2768, 592, 'Отделение № 1: ул. Заводская, 2'),
(2769, 877, 'Отделение №1: ул. Набережная, 1'),
(2770, 448, 'Отделение: ул. Бурмистренка, 2а'),
(2771, 209, 'Отделение №1: ул. Львовская, 64'),
(2772, 819, 'Отделение: ул. Владимирская, 25'),
(2773, 580, 'Отделение №53 (до 15 кг) Мини-отделение: просп. Добровольского, 130/5 (маг."Копейка")'),
(2774, 289, 'Отделение №1: ул. Б. Хмельницкого, 58'),
(2775, 249, 'Отделение №1: ул. Ленина, 32'),
(2776, 543, 'Отделение: ул. Шевченко, 23'),
(2777, 51, 'Отделение № 1: ул. Богдана Хмельницкого, 43'),
(2778, 265, 'Отделение № 1: ул. Мира, 9'),
(2779, 818, 'Отделение №2 (до 30 кг на одно место): ул. Парижской Коммуны, 36'),
(2780, 280, 'Отделение №5 (до 30 кг на одно место): просп. Ленина, 91'),
(2781, 280, 'Отделение №6: просп. Юбилейній, 12'),
(2782, 769, 'Отделение № 1: ул. Ивана Франка, 33'),
(2783, 210, 'Отделение: ул. Грушевского, 11'),
(2784, 406, 'Отделение №1: ул. Победы, 49'),
(2785, 95, 'Отделение № 1: пл. Первомайская, 1'),
(2786, 280, 'Отделение № 29 (до 15 кг),Мини-отделение: ул. Украинская, 6 (маг."Cильпо")'),
(2787, 65, 'Отделение №1: ул. 16 марта, 68 (вход с ул. Орджоникидзе)'),
(2788, 298, 'Отделение №1: ул. Октябрьская, 10а'),
(2789, 334, 'Отделение №1: ул. Ковельская, 52'),
(2790, 158, 'Отделение №1: ул. Карла Маркса, 51'),
(2791, 582, 'Отделение: ул. Промислова, 27'),
(2792, 352, 'Отделение №1: ул. Ленина, 7'),
(2793, 370, 'Отделение №1: ул. Ленина, 4'),
(2794, 408, 'Отделеение №1: ул. Первомайская, 11'),
(2795, 479, 'Отделение: ул. Лермонтова, 18'),
(2796, 485, 'Отделение: ул. Туряници, 1'),
(2797, 306, 'Отделение №1: ул. Львовская, 55'),
(2798, 770, 'Отделение № 1: ул. Ленина, 412'),
(2799, 824, 'Отделение №35 (до 30 кг на одно место): ул. Героев труда, 14 (ТЦ Джокер 2 єтаж) '),
(2800, 824, 'Отделение № 63 (до 30 кг) Мини-отделение: пгт. Малая Даниловка, Окружная дорога, 8 (маг."МЕТРО")'),
(2801, 464, 'Отделение № 1: ул. Дружбы, 52'),
(2802, 379, 'Отделение № 2 (до 30 кг): ул. Братьев Радченко, 51а'),
(2803, 397, 'Отделение №1: ул. Доковская, 5б'),
(2804, 182, 'Отделение №1: ул. Коновальца, 4а (напротив Укрпочты)'),
(2805, 639, 'Отделение №1: ул. Ходякова, 27е'),
(2806, 500, 'Отделение: ул. 50-летия ВЛКСМ, 17'),
(2807, 809, 'Отделение №1: ул. Ноября, 53'),
(2808, 34, 'Отделение №10 (до 30 кг): бульв. 50-летия Победы, 27'),
(2809, 827, 'Отделение №1: ул. 1-го Мая, 38'),
(2810, 129, 'Отделение №1: ул. Театральная, 27'),
(2811, 570, 'Отделение: ул. Красная Площадь, 26'),
(2812, 524, 'Отделение №1: ул. Высоцкого, 3'),
(2813, 12, 'Отделение №1: ул. Освобождения, 21'),
(2814, 866, 'Отделение: ул. Комсомольская, 17'),
(2815, 247, 'Отделение №1: ул. Мицкевича, 67'),
(2816, 339, 'Отделение №1: ул. Ленина, 47'),
(2817, 456, 'Отделение №1: ул. Кирова, 4'),
(2818, 442, 'Отделение №2 (до 30 кг на одно место): квартал Октябрьской Революции, 5'),
(2819, 876, 'Отделение: ул. Кирова, 1'),
(2820, 131, 'Отделение № 1: ул. Площадь Гагарина, 8а'),
(2821, 526, 'Отделение №1: ул. Ленина, 4/3'),
(2822, 867, 'Отделение № 1: ул. Волошина, 117а'),
(2823, 240, 'Отделение №10 (до 30 кг на одно место): ул. Газеты "Правда", 91'),
(2824, 240, 'Отделение №11 (до 30 кг): просп. Газеты Правды, 6'),
(2825, 349, 'Отделение №3 (до 30 кг на одно место): ул. Большая Перспективная, 40'),
(2826, 141, 'Отделение №3 (до 30 кг на одно место): ул. Хлебная, 19'),
(2827, 828, 'Отделение №4: проспект Мира, 102/1'),
(2828, 457, 'Отделение №4: ул. Кульпарковская, 93а'),
(2829, 168, 'Отделение №1: ул. Пролетарская, 5'),
(2830, 450, 'Отделение: ул. Карла Маркса, 23 а'),
(2831, 650, 'Отделение: ул. Кирова, 91'),
(2832, 164, 'Отделение №1: ул. Шевченко, 28а'),
(2833, 103, 'Отделение №1: ул. Ленина, 2а'),
(2834, 591, 'Отделение № 2 (до 15 кг), Мини-отделение: ул. Ленинградских курсатов, 57'),
(2835, 495, 'Отделение №1: ул. Грушевского, 42'),
(2836, 580, 'Отделение № 47 (до 15 кг) Мини-отделение: ул. Екатериненская, 87 ("Кредит Маркет")'),
(2837, 744, 'Отделение № 3 (до 30 кг на одно место): ул. Ватутина, 66'),
(2838, 579, 'Отделение №2 (до 30 кг): ул. Советская, 60'),
(2839, 178, 'Отделение №1: ул. Гагарина, 20г'),
(2840, 345, 'Отделение №27 (до 30 кг на одно место): просп. Василия Порика, 13в (Виноградар)'),
(2841, 345, 'Отделение №28 (до 30 кг на одно место): ул. Семьи Сосниных, 7а'),
(2842, 345, 'Отделение №29 (до 30 кг): ул. Васильковская, 34(корпус В)'),
(2843, 280, 'Отделение №8 (до 30 кг на одне місце): просп. Ленина, 43'),
(2844, 595, 'Отделение № 1: ул. Гагарина, 12'),
(2845, 580, 'Отделение №101 (до 15 кг), Мини-отделение: ул. Балковская, 42'),
(2846, 857, 'Отделение 10 (до 10 кг), Мини-отделение: ул. Музыкальная, 1 (ТЦ "Рояль",маг."Сильпо")'),
(2847, 329, 'Отделение №2 (до 30 кг): ул. Первомайская, 7а'),
(2848, 463, 'Отделение: ул. Советская, 32/2-19'),
(2849, 308, 'Отделение №1: ул. Ленина, 72'),
(2850, 208, 'Отделение №1: ул. Ленина, 3'),
(2851, 345, 'Отделение №106 (до 5 кг), Мини-отделение: просп. Победы, 94/1, (маг. "Фуршет")'),
(2852, 345, 'Отделение № 107 (до 15 кг), Мини-отделение: просп. Воздухофлотский, 66, (маг. "Фуршет")'),
(2853, 276, 'Отделение №1: ул. Октябрьская, 14'),
(2854, 539, 'Отделение № 5 (до 15 кг) Мини-отделение: ул. Парижской коммуны, 55 (ТЦ "ОСКАР")'),
(2855, 345, 'Отделение №120 (до 10 кг), Мини-отделение: просп. Леся Курбаса, 6г (маг. "Велика Кишеня")'),
(2856, 488, 'Отделение №5 (до 30 кг): ул. Дзержинского, 291/1'),
(2857, 721, 'Отделение №1: ул. Ленина, 3'),
(2858, 637, 'Отделение № 1: ул. Почтовая, 14/2а'),
(2859, 414, 'Отделение № 18: ул. Лермонтова, 10а'),
(2860, 824, 'Отделение № 59 (до 10 кг) Мини-отделение: ул. Сергея Грицевца, 29 (маг."КЛАСС")'),
(2861, 345, 'Отделение № 138 (до 5 кг), Мини-отделение: просп. Маяковского, 46 (СК "Sport Life")'),
(2862, 229, 'Отделение № 1: ул. Юбилейная, 2а'),
(2863, 345, 'Отделение № 204: Харковское шоссе, 58'),
(2864, 345, 'Отделение № 205 (до 30 кг): ул. Ревуцкого, 44а'),
(2865, 412, 'Отделение №11 (до 30 кг): ул. Ленина, 6/7'),
(2866, 187, 'Отделение №1: ул. Горького, 12'),
(2867, 197, 'Отделение №1: ул. 50 лет Октября, 1'),
(2868, 224, 'Отделение №1: ул. 35-й Гвардийской дивизии, 20'),
(2869, 287, 'Отделение №1: пер. Новоселовский, 2'),
(2870, 309, 'Отделение №1: ул. Щорса, 6'),
(2871, 515, 'Отделение: ул. 1-го Мая,19'),
(2872, 345, 'Отделение № 259 (до 15 кг),Мини-отделение: ул. Центральная, 12а (маг."ФОРА")'),
(2873, 763, 'Отделение №2 (до 30 кг): ул. Петропавловская, 93'),
(2874, 856, 'Отделение №3 (до 30 кг на одно место): бульв. Шевченко, 150'),
(2875, 490, 'Отделение № 1: ул. Ивана Франко, 29'),
(2876, 748, 'Отделение №1: ул. Л.Галицького, 42/8а'),
(2877, 580, 'Отделение № 54 (до 15 кг) Мини-отделение: просп. Академика Глушко, 11/1 (маг."Копейка")'),
(2878, 345, 'Отделение №67 (до 30 кг): ул. К. Данькевича, 16 (Троещина)'),
(2879, 345, 'Отделение №68 (до 30 кг): ул. Бориса Гмыри, 1 (м. Позняки)'),
(2880, 457, 'Отделение №14 (до 30 кг): ул. Словацкого, 5'),
(2881, 345, 'Отделение № 117 (до 15 кг), Мини-отделение: ул. Вышгородская, 46 (маг."Фора")'),
(2882, 740, 'Отделение №1: ул. Закарпатская, 75'),
(2883, 856, 'Отделение № 22 (до 15 кг),Мини-отделение: бульв. Тараcа Шевченко, 205 (маг."Brain")'),
(2884, 562, 'Отделение: ул. Пирогова, 15 а'),
(2885, 3, 'Отделение: ул. Патриотов, 10'),
(2886, 251, 'Отделение №1: ул. Ленина, 100'),
(2887, 252, 'Отделение № 4 (до 30 кг): ул. Самборская, 86'),
(2888, 49, 'Отделение №1: ул. Железнодорожная, 14'),
(2889, 186, 'Отделение № 1: ул. Мичурина, 1а'),
(2890, 366, 'Отделение № 1: ул. Анатолия Соловьяненко, 68'),
(2891, 345, 'Отделение № 114 (до 5 кг), Мини-отделение: ул. Тимошенко, 19 (маг."Фора")'),
(2892, 328, 'Отделение №3 (до 30 кг на одно место): пл. Героев, 14'),
(2893, 471, 'Отделение №2 (до 30 кг): ул. Кримского, 2'),
(2894, 458, 'Отделение №1: ул. Райрады, 3'),
(2895, 345, 'Отделение № 150 (до 30 кг): ул. Антоновича, 43 (м."Олимпийская")'),
(2896, 503, 'Отделение №1: ул. Днепропетровская, 5'),
(2897, 240, 'Отделение №75 (до 30 кг): ул. Комбрига Петрова, 2'),
(2898, 580, 'Отделение № 41 (до 15 кг) Мини-отделение: ул. Днепропетровская дорога, 93а (ТРЦ "Семья")'),
(2899, 327, 'Отделение № 2 (до 30 кг): ул. Дзержинского, 25'),
(2900, 345, 'Отделение №9: пер. Вячеслава Чорновола, 54а (р-н Жулянского моста)'),
(2901, 580, 'Отделение №92 (до 15 кг) Мини-отделение: ул. Николаевская дорога, 307/1 (маг."МЕТРО")'),
(2902, 240, 'Отделение №154 (до 30 кг): ул. Героев Сталинграда, 38'),
(2903, 240, 'Отделение № 44 (до 30 кг): просп. Карла Маркса, 99'),
(2904, 314, 'Отделение №1: ул. Ворошилова, 82'),
(2905, 625, 'Отделение №2: ул. Богдана Хмельницкого, 5'),
(2906, 184, 'Отделение №1: ул. Ивана Франко, 46'),
(2907, 457, 'Отделение № 29 (до 30 кг): ул. Авраама Линкольна, 57'),
(2908, 449, 'Отделение №3 (до 30 кг на одно место): ул. Монастырская, 71'),
(2909, 405, 'Отделение № 1: Микрорайон, 10/1'),
(2910, 204, 'Отделение №1: ул. Чупринки, 12/1'),
(2911, 421, 'Отделение №1: ул. Жолковская, 4а'),
(2912, 824, 'Отделение № 49 (до 5 кг) Мини-отделение: ул. Сидора Колпака, 24 (АЗС "ОККО")'),
(2913, 824, 'Отдление № 109 (до 30 кг) Мини-отделние: Полтавский Путь, 17'),
(2914, 428, 'Отделение № 2 (до 30 кг): ул. Строителей, 11'),
(2915, 824, 'Отделение № 47 (до 30 кг на одно место): просп. Московский, 35'),
(2916, 484, 'Отделение №1: ул. Советская, 1'),
(2917, 11, 'Отделение №1: ул. Шоссейная, 14а'),
(2918, 345, 'Отделение №121 (до 5 кг), Мини-отделение: ул. Героев Днепра, 31( маг."Велика Кишеня")'),
(2919, 754, 'Отделение №1: ул. Шевченка, 33'),
(2920, 561, 'Отделение № 2 (до 30 кг): ул. Ленина, 126д (територия рынка)'),
(2921, 824, 'Отделение № 5: пл. Ю. Кононенко, 1а (Авторынок "Лоск", здание "Приват Банка")'),
(2922, 345, 'Отделение №139 (до 15 кг), Мини-отделение: ул. Оноре де Бальзака, 66'),
(2923, 691, 'Отделение №1: ул. Ленина, 15'),
(2924, 244, 'Отделение №1: просп. Победы, 71'),
(2925, 430, 'Отделение № 1:вул. Шевченко, 30а'),
(2926, 321, 'Отделение №1: ул. Независимости, 22'),
(2927, 580, 'Отделение № 55 (до 15 кг) Мини-отделение: просп. Шевченко, 4е (маг."Копейка")'),
(2928, 799, 'Отделение №1: ул. Ленина, 16'),
(2929, 824, 'Отделение №32 (до 30 кг на одно место): ул. Красношкольная Набережная, 26'),
(2930, 478, 'Отделение №9 (до 30 кг): просп. Металлургов, 175 (ориентир магазин "Каспий")'),
(2931, 319, 'Отделение №1: ул. Гулия, 23'),
(2932, 199, 'Отделение №1: ул. Ленина, 5'),
(2933, 718, 'Отделение №1: ул. Мира, 104'),
(2934, 525, 'Отдление № 1: ул. Ленина, 100а'),
(2935, 345, 'Отделение №15: ул. Малинская, 18 (Новобеличи)'),
(2936, 345, 'Отделение №16: просп. Московский, 16а (м. Петровка)'),
(2937, 345, 'Отделение №17: ул. Новоконстантиновская, 22/15'),
(2938, 734, 'Отделение №1: ул. Сигетская, 2'),
(2939, 177, 'Отделение №1: ул. Партизанская, 24'),
(2940, 412, 'Отделение №2 (до 30 кг): ул. Октябрьская,31/16(Центр)'),
(2941, 580, 'Отделение № 96 (до 15 кг) Мини-отделение, ул. Ильфа и Петрова, 39 (маг."Копейка")'),
(2942, 619, 'Отделение №1: ул. Приходька, 12, кв. 1'),
(2943, 580, 'Отделение № 110 (до 10 кг), Мини-отделение: ул. 25-й Чапаевской дивизии, 10 (маг."Обжора")'),
(2944, 828, 'Отделение №14 (до 30 кг): ул. Каменецкая, 159'),
(2945, 432, 'Отделение №1: ул. Грушевского, 2'),
(2946, 144, 'Отделение №1: ул. Гагарина, 7а'),
(2947, 455, 'Отделение №1:ул. Великая, 89б'),
(2948, 419, 'Отделение №2 (до 30 кг): микрорайон Ювилейный №1, рынок Северный, киоск № 90'),
(2949, 671, 'Отделение: ул. Любецкая, 5а'),
(2950, 771, 'Отделение: ул. Ленина, 26'),
(2951, 176, 'Отделение №1: ул. Кургузова, 14'),
(2952, 79, 'Отделение №1: ул. Мира, 40 а'),
(2953, 414, 'Отделение №5: ул. 27 Партсъезда, 9б'),
(2954, 478, 'Отделение №14 (до 10 кг), Мини-отделение: бульв. Шевченко, 54 (маг."Сильпо")'),
(2955, 50, 'Отделение № 5 (до 30 кг), ул. Дюмина, 44'),
(2956, 457, 'Отделение № 9 (до 30 кг на одно место): ул. Кульпарковская, 142'),
(2957, 786, 'Отделение №5 (до 30 кг): ул. Анатолия Живова, 37'),
(2958, 4, 'Отделение № 2 (до 30 кг): ул. Диброви, 16'),
(2959, 414, 'Отделение №11 (до 30 кг на одно место): ул. Димитрова, 61'),
(2960, 414, 'Отделение № 12 (до 30 кг на одно место): просп. Южный, 17, кв. 83'),
(2961, 553, 'Отделение № 2 (до 30 кг): ул. Воли, 9'),
(2962, 49, 'Отделение № 2 (до 30 кг на одно место): ул. Богунская, 3'),
(2963, 551, 'Отделение №2 (до 30 кг): просп. Победы, 19 (напротив Водоканала)'),
(2964, 454, 'Отделение №8 (до 30 кг): просп. Соборности, 38а'),
(2965, 239, 'Отделение №4 (до 30 кг на одно место): просп. Конституции, 30'),
(2966, 828, 'Отделение № 9 (до 30 кг): ул. И. Франка, 16'),
(2967, 860, 'Отделение № 7(до 30 кг): ул. Кордубы, 12 (район Садовой) '),
(2968, 457, 'Отделение № 8 (до 30 кг): ул. Гринченко, 2а'),
(2969, 410, 'Отделение №1: ул. Дубенская, 137'),
(2970, 640, 'Отделение № 7 (до 30 кг на одно место): ул. М. Бирюзова, 43 а'),
(2971, 640, 'Отделение № 8: (до 30 кг на одно место): ул. Чураивны 2 в'),
(2972, 824, 'Отделение №19: ул. Морозова, 18'),
(2973, 280, 'Отделение № 14 (до 30 кг) : ул. Ладо жская, 14'),
(2974, 828, 'Отделение № 10 (до 30 кг): вул. Заречанская, 4'),
(2975, 826, 'Отделение № 6 (до 30 кг на одно место): ул. Горького, 9'),
(2976, 529, 'Отделение №10 (до 30 кг): просп.Ленина, 86/3'),
(2977, 143, 'Отделение №1: ул. Маяковского, 51'),
(2978, 529, 'Отделение №3: ул. Электронная, 81/7'),
(2979, 580, 'Отделение №4: ул. Академика Вильямса, 86'),
(2980, 504, 'Отделение №1: ул. Покровская, 22'),
(2981, 345, 'Отделение №195 (до 10 кг), Мини-отделение: ул. Вершигоры, 1 (маг."Фуршет")'),
(2982, 345, 'Отделение № 133 (до 15 кг), Мини-отделение: ул. Зодчих, 52 (маг."Фора")'),
(2983, 829, 'Отделение №1: ул. Кропивницкого, 1'),
(2984, 860, 'Отделение №3: ул. Коломыйская, 9г (территория ООО "Холод Сервис")'),
(2985, 444, 'Отделение №1: ул. Ленина, 42'),
(2986, 286, 'Отделение № 1: ул. Комсомольская, 63'),
(2987, 784, 'Отделение № 1: ул. Шевченко, 12/2'),
(2988, 137, 'Отделение № 1: ул. Ленина, 32а'),
(2989, 745, 'Отделение: ул. Пограничников, 4 (возле таможни «Ягодын»)'),
(2990, 512, 'Отделение № 5 (до 30 кг на одно место): ул. Береговская, 9'),
(2991, 240, 'Отделение № 155 (до 15 кг) Мини-отделение : просп. Кирова, 59 (маг."Brain")'),
(2992, 345, 'Отделение № 214 (до 10 кг), Мини-отделение: ул. Академика Королева, 8 (маг."Фора")'),
(2993, 345, 'Отделение №36 (до 30 кг на одно место): ул. Елены Телиги, 31/1'),
(2994, 345, 'Отделение № 37 (до 30 кг на одне місце): ул. Пражская, 24'),
(2995, 345, 'Отделение №38 (до 30 кг на одно место): ул. Николая Закревского, 29 (Троещина)'),
(2996, 38, 'Отделение №1: ул. Центральная, б/н'),
(2997, 477, 'Отделение № 2 (до 30 кг): ул. Советская, 80'),
(2998, 772, 'Отделение №1: ул. Соборная, 20'),
(2999, 670, 'Отделение №1: ул. Шевченко, 29'),
(3000, 102, 'Отделение №1: ул. Мира, 26'),
(3001, 491, 'Отделение: ул. Красноармейская, 1'),
(3002, 762, 'Отделение №1: ул. Ивана Франка, 14а'),
(3003, 240, 'Отделение №17 (до 30 кг): Донецкое шоссе, 9а'),
(3004, 280, 'Отделение № 27 (до 30 кг на одно место): просп. Ленина, 186'),
(3005, 205, 'Отделение №1: ул. А. Коломойца, 197а'),
(3006, 159, 'Отделение №1: ул. Ленина, 83а'),
(3007, 483, 'Отделение № 1: ул. Независимости, 22'),
(3008, 300, 'Отделение № 1: ул. Вокзальная, 22'),
(3009, 139, 'Отделение № 1: ул. Шевченко, 57'),
(3010, 889, 'Отделение №3 (до 30 кг): пер. Шевченко, 2'),
(3011, 472, 'Отделение № 1: пл. 1-го Мая, 3'),
(3012, 890, 'Отделение: ул. Ленина, 67'),
(3013, 384, 'Отделение №1: с. Гвоздев, ул. Победі, 2г'),
(3014, 857, 'Отделение №4 (до 15 кг): ул. Рокоссовского, 68'),
(3015, 345, 'Отделение № 151 (до 30 кг): просп. Героев Сталинграда, 24'),
(3016, 345, 'Отделение №255 (до 30 кг): ул. Анны Ахматовой, 31'),
(3017, 153, 'Отделение №2 (до 30 кг на одно место): просп. Кирова, 16/6'),
(3018, 345, 'Отделение №346 (до 5 кг), Мини-отделение: ул. Академика Вильямса, 6а (маг."Топмарт")'),
(3019, 763, 'Отделение №4 (до 30 кг): ул. Леваневского, 10'),
(3020, 345, 'Отделение №48 (до 30 кг): вул. Киквидзе, 7/11 (м. Дружбы Народов)'),
(3021, 345, 'Отделение №49 (до 30 кг на одно место): ул. Лайоша Гавро, 1, озеро "Вербное" (Оболонь)'),
(3022, 345, 'Отделение №50 (до 30 кг): просп. Победы, 7в (Цирк)'),
(3023, 269, 'Отделение № 20 (до 30 кг): ул. Шелушкова, 95'),
(3024, 775, 'Отделение №1: ул. Шевченко, 3а'),
(3025, 480, 'Отделение №1: ул. 1-го Мая, 30'),
(3026, 837, 'Отделение: ул. Комсомольская, 90'),
(3027, 345, 'Отделение № 206 (до 30 кг): просп. Победы, 136'),
(3028, 824, 'Отделение № 64 (до 15 кг), Мини-отделение: просп. Гагарина, 187/1 (маг."МЕТРО")'),
(3029, 580, 'Отделение №56 (до 15 кг) Мини-отделение: ул. Генерала Бочарова, 50'),
(3030, 608, 'Отделение №1: ул. Юбилейная, 9а'),
(3031, 363, 'Отделение №1: ул. Кооперативная, 3'),
(3032, 584, 'Отделение №1: ул. Советская, 2'),
(3033, 821, 'Отделение №2 (до 30 кг): ул. Л.Толстого, 6'),
(3034, 577, 'Отделение №3 (до 30 кг на одно место): ул. Киевская, 60а'),
(3035, 147, 'Отделение №5 (до 30 кг на одно место): ул. Первомайская, 10'),
(3036, 795, 'Отделение №1: ул. Независимости, 95'),
(3037, 617, 'Отделение №1: ул. Филиппова, 21б'),
(3038, 494, 'Отделение №1: ул. Липки, 25'),
(3039, 828, 'Отделение № 17 (до 15 кг) Мини-отделение: ул. Маршала Рыбалко, 2а (ТЦ"Оазис")'),
(3040, 531, ''),
(3041, 580, 'Отделение № 97 (до 15 кг) Мини-отделение: Люстдорфская, 54/1 (маг."Virtus")'),
(3042, 813, 'Отделение №10 (до 30 кг): ул. Занковецкой, 48а'),
(3043, 240, 'Отделение №159 (до 10 кг), Мини-отделение: ул. Косиора, 1а (маг."АТБ") '),
(3044, 240, 'Отделение №160 (до 15 кг), Мини-отделение: просп. Мира, 33 (маг. "АТБ")'),
(3045, 345, 'Отделение №11 (до 30 кг на одно место): просп. Краснозвездный, 119 (м. Демеевская)'),
(3046, 826, 'Отделение № 17 (до 10 кг), Мини-отделение: Николаевское шоссе, 19 (маг."Европорт")'),
(3047, 763, 'Отделение №8 (до 30 кг): просп. Михаила Лушпы, 13'),
(3048, 345, 'Отделение №122 (до 10 кг), Мини-отделение: ул. Героев Космоса, 4, (БЦ "Форум")'),
(3049, 240, 'Отделение № 156 (до 30 кг) Мини-отделение: ул. Оранжерейная, 45 (ж/м Игрень, маг."Велике Пузо")'),
(3050, 345, 'Отделение № 134 (до 30 кг), Мини-отделение: ул. Новопироговская, 31 (маг."Фора")'),
(3051, 345, 'Отделение № 135 (до 15 кг), Мини-отделение: ул. Вышгородская, 32/2 (маг."Brain")'),
(3052, 189, 'Отделение №1: ул. Октябрьская, 3'),
(3053, 337, 'Отделение №1: ул. Ленина, 30'),
(3054, 402, 'Отделение №1: ул. Харьковская, 115'),
(3055, 345, 'Отделение №71 (до 30 кг на одно место): бульв. Труда, 5'),
(3056, 345, 'Отделение №72 (до 30 кг): ул. Артема, 14 (Львовская пл.)'),
(3057, 345, 'Отделение №73 (до 30 кг): ул. Прорезная, 9 (м. Хрещатик)'),
(3058, 345, 'Отделение №74 (до 30 кг на одно место): ул. Межигорская, 56'),
(3059, 813, 'Отделение №5 (до 30 кг): ул. Грушевского, 74а'),
(3060, 123, 'Отделение: ул. Штефаника, 3'),
(3061, 824, 'Отделение №33 (до 30 кг на одно место): ул. Сумская, 124'),
(3062, 328, 'Отделение №2 (до 30 кг): бульв. Независимости, 6'),
(3063, 345, 'Отделение №196 (до 10 кг), Мини-отделение, ул. Тростянецкая, 1а (маг."BILLA")'),
(3064, 345, 'Отделение № 102 (до 15 кг), Мини-отделение: ул. Старовокзальная, 23, (маг. "Фуршет")'),
(3065, 138, 'Отделение №1: ул. Ленина, 29'),
(3066, 624, 'Отделение №1: ул. Литвинова, 19б, (ТРЦ "Мандарин")'),
(3067, 240, 'Отделение №111 (до 30 кг на одно место): ул. Набережная Победы, 86а (ТЦ "Новый Континент")'),
(3068, 345, 'Отделение № 215 (до 15 кг), Міні-відділення: ул. Новомостицкая, 2 (маг."Фора")'),
(3069, 535, 'Отделение №1: ул. Дзержинского, 2а (напротив базара)'),
(3070, 856, 'Отделение № 12 (до 30 кг на одно место): ул. Молоткова, 20'),
(3071, 856, 'Отделение № 13 (до 15 кг), Мини-отделение: ул. Героев Сталинграда, 34 (ТРЦ "Dnipro Plaza")'),
(3072, 856, 'Отделение № 14 ( до 15 кг): ул. Сумгаитская, 10 (маг."Фуршет")'),
(3073, 336, 'Отделение №2 (до 30 кг на одно место): ул. Героев Днепра, 35'),
(3074, 908, 'Отделение № 1: ул. Шевченко, 1'),
(3075, 763, 'Отделение №9 (до 30 кг на одно место): ул. Екатерины Зеленко, 4'),
(3076, 345, 'Отделение № 232 (до 15 кг), Мини-отделение: ул. Ревуцкого, 6 (маг."Фора")'),
(3077, 240, 'Отделение № 85 (до 30 кг): просп. Пушкина, 77'),
(3078, 501, 'Отделение № 1: ул. Шевченко, 2'),
(3079, 35, 'Отделение № 3 (до 10 кг), Мини-отделение, ул. Тимчишина, 8 (маг."ТАВРИЯ В")'),
(3080, 148, 'Отделение №2 (до 30 кг): ул. Ковельская, 132/1'),
(3081, 600, 'Отделение №1: ул. Днепровская, 49 (район СШБ)'),
(3082, 247, 'Отделение № 2 (до 30 кг): ул. Независимости, 6'),
(3083, 529, 'Отделение № 20 (до 30 кг на одно место): просп. Октябрьский, 26/2'),
(3084, 240, 'Отделение № 69 (до 15 кг), Мини-отделение: ул. Щербины, 8 (маг."Фуршет")'),
(3085, 58, 'Отделение №1: ул. Андреевская, 66'),
(3086, 288, 'Отделение №1: ул. Чехова, 7'),
(3087, 219, 'Отделение №1: ул. Шевченко, 18в'),
(3088, 457, 'Отделение № 20 (до 30 кг на одно место): ул. Медовой Пещеры, 7'),
(3089, 457, 'Отделение № 21 (до 30 кг): ул. Джорджа Вашингтона, 8'),
(3090, 861, 'Отделение №1: ул. Ленина, 95'),
(3091, 860, 'Отделение №16 (до 10 кг) Мини-отделение, ул. Южно-Кольцевая, 25 (маг. "Норма")'),
(3092, 141, 'Отделение № 36 (до 10 кг) Мини-отделение: ул. Папанина, 1а ((ТЦ "Квартал")'),
(3093, 116, 'Отделение: ул. Борцов Революции, 23'),
(3094, 412, 'Отделение №9 (до 30 кг на одно место): просп. 50-летия Октября, 10'),
(3095, 345, 'Отделение №101 (до 30 кг), Мини-отделение: ул. Большая Васильковская, 143/2'),
(3096, 140, 'Отеделение №1: ул. Галицкая, 29а'),
(3097, 478, 'Отделение №3 (до 30 кг на одно место): ул. Ломизова, 1 (Левый берег)'),
(3098, 733, 'Отделение № 1: ул. Василия Стуса, 2а'),
(3099, 301, 'Отделение: ул. Обухова, 20'),
(3100, 556, 'Отделение №1: ул. Металургов, 10'),
(3101, 111, 'Отделение №1: просп. Ленина, 46'),
(3102, 603, 'Отделение №1: ул. Шевченко, 97'),
(3103, 160, 'Отделение №1: ул. Василе Александри, 80а'),
(3104, 759, 'Отделение № 3 (до 30 кг): ул. Почтовая, 5'),
(3105, 824, 'Отделение № 75 (до 10 кг) Мини-отделение: ул. Клочковская, 104а (маг."КЛАСС")'),
(3106, 827, 'Відділення №3 (до 15 кг) Мини-отделение: ул. 1-го Мая, 38'),
(3107, 539, 'Отделение № 3 (до 30 кг на одно место): ул. Куйбышева, 5'),
(3108, 898, 'Отделение № 1: ул. Ивана Франко, 30'),
(3109, 452, 'Отделение №1: ул. Восточная, 1'),
(3110, 152, 'Отделение № 1: ул. Мира, 144'),
(3111, 73, 'Отделение: просп. Ленина, 85'),
(3112, 903, 'Отделение: бульв. Юбилейный, 6'),
(3113, 24, 'Отделение: ул. Ломоносова, 24а'),
(3114, 317, 'Отделение № 5 (до 30 кг): ул. Шевченко, 7 (маг."Фора")'),
(3115, 824, 'Отделение № 114 (до 15 кг), Мини-отделение: ул. Свердлова, 2в ( АЗС "ОККО", с. Подворки)'),
(3116, 539, 'Отделение №1: ул. Промышленная, 5'),
(3117, 345, 'Отделение № 173 (до 15 кг), Мини-отделение: просп. Оболонский, 52 (маг."Абсолют")'),
(3118, 446, 'Отделение: ул. Луцкая, 1/2'),
(3119, 85, 'Отделение №1: ул. Ленина, 73'),
(3120, 794, 'Отделение №1: ул. Черняховского, 4а'),
(3121, 133, 'Отделение: ул. Красная, 2г'),
(3122, 613, 'Отделение №1: микрорайон Кильченский, 10'),
(3123, 457, 'Отделение № 33 ( до 10 кг) Мини-отделение: ул. Чигиринская, 11а (маг."Барвинок")'),
(3124, 345, 'Отделение № 40 (до 30 кг на одно место): ул. Героев Севастополя, 23а (Отрадный)'),
(3125, 857, 'Отделение № 11 (до 5 кг) Мини-отделение, просп. Победы, 96 (маг."Brain")'),
(3126, 828, 'Отделение №12 (до 30 кг): ул. Заречанская, 57/1'),
(3127, 256, 'Отделение №1: ул. Грушевского, 119'),
(3128, 345, 'Отделение № 261 (до 15 кг),Мини-отделение: Харьковское шоссе, 1 (маг."Brain")'),
(3129, 880, 'Отделение №1: ул. Дунайская,1'),
(3130, 345, 'Отделение № 216 (до 15 кг), Мини-отделение: ул. Академика Билецкого, 3 (маг."Фора")'),
(3131, 824, 'Отделение №65 (до 30 кг): просп. Героев Сталинграда, 169/24'),
(3132, 106, 'Отделение №1: ул. Юбилейная, 25'),
(3133, 580, 'Отделение № 48 (до 30 кг): ул. Екатерининская, 85'),
(3134, 580, 'Отделение № 49 (до 15 кг) Мини-отделение: ул. Добровольского, 71/1 (маг."Копейка")'),
(3135, 345, 'Отделение №60 (до 30 кг на одно место): ул. Днепровская набережная, 26и (м. Осокорки)'),
(3136, 388, 'Отделение №1: ул. Октябрьская, 72а'),
(3137, 553, 'Отделение №3 (до 30 кг): ул. Пушкина, 3'),
(3138, 630, 'Отделение №1: ул. Театральная, 9'),
(3139, 720, 'Отделение №4 (до 30 кг на одно место): пер. Парковый, 5 (район «Артема»)'),
(3140, 785, 'Отделение: ул. Харьковская, 3'),
(3141, 507, 'Отделение: ул. Чапаева, 36'),
(3142, 580, 'Отделение №111 (до 15 кг), Мини-отделение: ул. Cахарова, 22'),
(3143, 457, 'Отделение № 30 (до 30 кг): ул. Литвиненко, 8'),
(3144, 361, 'Отделение №1: ул. Ленина, 89'),
(3145, 345, 'Отделение № 224 (до 15 кг), Мини-отделение: бульв. Перова, 32 (маг."Фора")'),
(3146, 566, 'Отделение: ул. Ив. Мазепы, 2'),
(3147, 393, 'Отделение №1: ул. Кошута, 16'),
(3148, 457, 'Отделение №16 (до 30 кг): просп. Красной Калины, 76'),
(3149, 88, 'Отделение № 6 (до 30 кг на одно место): ул. Киевская, 150'),
(3150, 580, 'Отделение № 104 (до 15 кг) Мини-отделение: пл. Независимости, 1 (ТЦ "Панорама")'),
(3151, 514, 'Отделение №1: ул. Мазепы, 34'),
(3152, 580, 'Отделение № 57 (до 15 кг) Мини-отделение: ул. Генерала Петрова, 51 (маг. "Сильпо")'),
(3153, 240, 'Отделение № 59 (до 15 кг), Мини-отделение: бульв. Славы, 28 (маг."ProStor")'),
(3154, 575, 'Отделение №1: ул. Хотимирская, 1'),
(3155, 478, 'Отделение №12 (до 30 кг): просп. Ленина, 121 (ориентир магазин "Надія")');
INSERT INTO `stores` (`id`, `cities_id`, `name`) VALUES
(3156, 580, 'Отделение №9 (до 30 кг): ул. Сегедская, 14'),
(3157, 580, 'Отделение №10 (до 30 кг): ул. Затонского, 4'),
(3158, 530, 'Отделение №1: ул. Грушевского, 3а'),
(3159, 790, 'Отделение №2 (до 30 кг на одно место): ул. Куйбышева, 31'),
(3160, 307, 'Отделение № 13 (до 30 кг на одно место): ул. Сорохтея, 41'),
(3161, 257, 'Отделение №1: ул. Гагарина, 43'),
(3162, 324, 'Отделение №1: ул. Пионерская, 77-а'),
(3163, 240, 'Отделение № 70 (до 15 кг), Мини-отделение: бульв. Славы, 1 (маг."Ева")'),
(3164, 240, 'Отделение № 157 (до 10 кг) Мини-отделение: ул. Людмилы Мокиевской, 6а (маг."Сильпо")'),
(3165, 517, 'Отделение: ул. Ленина, 24'),
(3166, 345, 'Отделение № 161 (до 30г), Мини-отделение: ул. Драйзера, 8 (маг."Сильпо")'),
(3167, 345, 'Отделение № 162 (до 15 кг), Мини-отделение: ул. Здолбуновская, 7 (маг."АТБ")'),
(3168, 854, 'Отделение №1: ул. Спортивная, 3'),
(3169, 732, 'Отделение №1: ул. Горького, 25а'),
(3170, 360, 'Отделение №1: Ковшаровка, 35 В'),
(3171, 291, 'Отделение №1: ул. Ватутина, 4'),
(3172, 844, 'Отделение № 1: ул. Коцюбинского, 8'),
(3173, 580, 'Отделение № 98 (до 15 кг) Мини-отделение: ул. Сегедская, 7 (маг. "Virtus")'),
(3174, 240, 'Отделение №48 (до 30 кг): просп. Кирова, 104а (маг.VARUS, ТЦ "Славутич")'),
(3175, 857, 'Отделение №7 (до 30 кг на одно место): просп. Мира, 50'),
(3176, 457, 'Отделение №12 (до 30 кг): ул. Сяйво, 13, (р-н Левандовка)'),
(3177, 369, 'Отделение №1: ул. 8-го Марта, 14'),
(3178, 345, 'Отделение № 213 (до 15 кг), Мини-отделение: ул. Вадима Гетьмана, 13 (маг."Brain")'),
(3179, 345, 'Отделение №69 (до 30 кг на одно место): ул. Лаврухина, 9 (возле ТРЦ "Район")'),
(3180, 345, 'Отделение №70 (до 30 кг): просп. Победы, 20, м. Политехнический институт (Шулявка)'),
(3181, 58, 'Отделение № 2 (до 30 кг на одно место): ул. Ивана Франко, 2а (ТЦ Гранд)'),
(3182, 172, 'Отделение №1: ул. 50-ти летия Октября, 49'),
(3183, 868, 'Отделение №1: ул. Почтовая, 4'),
(3184, 203, 'Отделение №1: ул. Советская, 44'),
(3185, 763, 'Отделение №6 (до 30 кг): пл. Независимости, 1'),
(3186, 763, 'Отделение №7 (до 30 кг на одно место): ул. Белопольский путь, 30/3'),
(3187, 760, 'Отделение № 1: ул. Ленина, 4/1'),
(3188, 674, 'Отделение № 32: ул. Романа Шухевича, 10'),
(3189, 345, 'Отделение №123 (до 30 кг), Мини-отделение: пров. Ахтырский, 7, корп. 1В (БЦ"ФОРУМ")'),
(3190, 345, 'Отделение №124 (до 10 кг), Мини-отделение: ул. Якутская, 8 (маг. "Сильпо")'),
(3191, 345, 'Отделение № 141: ул. Колекторная, 3а'),
(3192, 345, 'Отделение № 233 (до 15 кг), Мини-отделение; ул. Березняковская, 36а (маг."Фора")'),
(3193, 848, 'Отделение №1: ул. Октябрьская, 48а'),
(3194, 429, 'Отделение №1: ул. Шевченко, 56'),
(3195, 230, 'Отделение №1: проул. Аптечный, 1а'),
(3196, 424, 'Отделение №1: пер. Кирова, 1'),
(3197, 315, 'Отделение №4 (до 30 кг): ул. Данченко, 3б'),
(3198, 345, 'Отделение №347 (до 15 кг), Мини-отделение: ул. Кириловская, 160 (маг."Топмарт")'),
(3199, 558, 'Отделение №1: ул. Ковалёва, 29А'),
(3200, 824, 'Отделение № 76 (до 15 кг) Мини-отделение: ул. 2-й Пятилетки, 4а (маг."Брусничка")'),
(3201, 240, 'Отделение №161 (до 15 кг), Мини-отделение: бульв. Звездный, 3 (маг."АТБ")'),
(3202, 345, 'Отделение № 174 (до 15 кг), Мини-отделение: ул. Ивана Пулюя, 5 (маг."Абсолют")'),
(3203, 269, 'Отделение № 10 (до 30 кг на одно место): просп. Мира, 37'),
(3204, 269, 'Отделение №11: ул. Щорса, 94'),
(3205, 317, 'Отделение №3 (до 30 кг на одно место): пгт. Гостомель, ул. Ленина, 84б'),
(3206, 107, 'Отделение №1: пров. Шевченко, 4'),
(3207, 869, 'Отделение №1: ул. Ленина, 16'),
(3208, 416, 'Отделение №1: ул. Карла Маркса, 15'),
(3209, 434, 'Отделение: площадь Интернациональная, 20'),
(3210, 50, 'Отделение № 6 (до 15 кг), Мини-отделение: ул. Свободы, 27в (маг."Сильпо")'),
(3211, 239, 'Отделение №8 (до 30 кг): просп. Победы, 2б'),
(3212, 239, 'Відділення №9: ул. Малая Садовая, 19а (База "Широка")'),
(3213, 709, 'Отделение: ул. Васильевская, 3'),
(3214, 828, 'Отделение № 18 (до 15 кг) Мини-отделение: ул. Свободы, 73 (маг."Фуршет")'),
(3215, 763, 'Отделение №14 (до 30 кг на одно место): ул. Харьковская, 2/1'),
(3216, 580, 'Отделение № 109 (до 15 кг), Мини-отделение: ул. Балковская, 143 (маг."VIRTUS")'),
(3217, 457, 'Отделение №11 (до 30 кг): ул. Городоцкая, 120'),
(3218, 374, 'Отделение №1: ул. Калинина, 27'),
(3219, 856, 'Отделение № 23 (до 30 кг): ул. Смилянская, 163'),
(3220, 141, 'Отделение №11 (до 30 кг на одно место): ул. Фрунзе, 58'),
(3221, 141, 'Отделение №12 (до 30 кг на одно место): ул. Пирогова, 31'),
(3222, 486, 'Отделение №1: ул. Карла Маркса, 26'),
(3223, 677, 'Отделение № 1: ул. Маяковского, 15'),
(3224, 70, 'Відділення №1: ул. Хмельницкого, 3/1'),
(3225, 808, 'Отделение №1: ул. Галицкая, 62/2'),
(3226, 77, 'Отделение № 5 (до 30 кг): ул. Киевский Шлях, 2/6 (ТРЦ "Аэромолл")'),
(3227, 88, 'Отделение № 5 ( до 30 кг на одно место): ул. Шевченко, 4а'),
(3228, 280, 'Отделение № 31 (до 30 кг на одно место): ул. Грязнова, 90а'),
(3229, 684, 'Отделение №2 (до 30 кг): ул. Щучки, 4ж'),
(3230, 827, 'Отделение №2 ( до 30 кг): ул. 50-ти летия СССР, 6'),
(3231, 580, 'Отделение № 50 (до 15 кг), Мини-отделение: просп. Добровольского, 70б (маг."Копейка")'),
(3232, 345, 'Отделение №198 (до 15 кг), Мини-отделение: пл. Львовская, 8б (маг."Ева")'),
(3233, 580, 'Отделение № 42 (до 15 кг) Мини-отделение: ул. Новощепной ряд, 2 (ТЦ "Остров")'),
(3234, 221, 'Отделение №1: ул. Галицкая, 11'),
(3235, 765, 'Отделение № 1: ул. Победы, 14'),
(3236, 302, 'Отделение №1: вул. Сечевых Стрельцов, 15 б'),
(3237, 746, 'Отделение №1: ул. Ленина, 2'),
(3238, 277, 'Отделение №1: ул. Ивана Франко, 1'),
(3239, 695, 'Отделение №3 (до 30 кг): ул. Привокзальная, 12'),
(3240, 307, 'Отделение №3 (до 30 кг на одно место): ул. Железнодорожная, 4'),
(3241, 674, 'Отделение №4 (до 30 кг): ул. Степана Бандеры, 59'),
(3242, 269, 'Отделение №3 (до 30 кг): ул. Щорса, 20'),
(3243, 454, 'Отделение №1: ул. Карбышева, 1'),
(3244, 681, 'Отделение №2 (до 30 кг): ул. Шевченко, 9 (возле САМ-Маркета)'),
(3245, 481, 'Отделение: ул. Ленина, 109'),
(3246, 763, 'Отделение №5: ул. Воровского, 20'),
(3247, 254, 'Отделение №2 (до 30 кг на одно место): ул. Базарная, 5 (маг. "Монолит")'),
(3248, 906, 'Отделение №1: ул. Хмельницкая, 4/1'),
(3249, 457, 'Отделение № 31 (до 30 кг): ул. Тершаковцев, 1'),
(3250, 580, 'Отделение № 105 (до 15 кг), Мини-отделение: ул. Средньофонтанская, 19г (ТЦ "Кристал")'),
(3251, 824, 'Отделение №6: ул. Академика Павлова, 120'),
(3252, 349, 'Отделение №1: ул. Родниковая, 88а'),
(3253, 674, 'Отдление №3: вул. Дубенская БОС, 1 (возле кафе "Звёздочка")'),
(3254, 45, 'Отделение №1: ул. Переездная, 27а'),
(3255, 124, 'Отделение: ул. Советская, 57'),
(3256, 156, 'Отделение №1: ул. Карпатская, 100'),
(3257, 165, 'Отделение № 1: ул. Советская, 7'),
(3258, 188, 'Отделение №1: ул. Вокзальная, 11'),
(3259, 261, 'Отделение №1: Ленина, 12'),
(3260, 253, 'Отделение №1: ул. Калинина, 12'),
(3261, 372, 'Отделение №1: площадь Ивана Франка, 32'),
(3262, 246, 'Отделение № 1: ул. Победы, 32'),
(3263, 345, 'Отделение № 262 (до 15 кг),Мини-отделение: ул. Малиновского, 12 (ТЦ "Метрополис")'),
(3264, 640, 'Отделение № 6 (до 30 кг одно место): ул. Калинина, 9'),
(3265, 529, 'Отделение №8 (до 30 кг): ул. Никольская, 49'),
(3266, 533, 'Отделение № 6 : ул. Лесная, 1'),
(3267, 813, 'Отделение № 8 (до 30 кг): ул. Собранецкая, 146б'),
(3268, 786, 'Отделение № 11 (до 30 кг): ул. Полковника Данила Нечая, 25а'),
(3269, 320, 'Отделение №1: ул. Коваля, 1'),
(3270, 615, 'Отделение: ул. Октябрьская, 25'),
(3271, 900, 'Отделение №1: ул. Щорса, 2'),
(3272, 28, 'Отделение: ул. Октябрьская, 69 (маг. "Павлуша" (ПашаМото)'),
(3273, 499, 'Отделение №1: ул. Ленина, 50'),
(3274, 47, 'Отделение №1: ул. Ленина, 64а'),
(3275, 240, 'Отделение №9 (до 30 кг): ул. Шмидта, 4а'),
(3276, 280, 'Отделение №19 (до 30 кг на одно место): ул. Чумаченка, 37'),
(3277, 875, 'Отделение №1: ул. Еминеску, 78б'),
(3278, 62, 'Отделение: ул. Красноармейская, 13а'),
(3279, 356, 'Отделение № 1: ул. Славы, 19'),
(3280, 551, 'Отделение №1: ул. Шахтарская, 39б'),
(3281, 759, 'Отделение №2 (до 30 кг): ул. Коссака, 6/58'),
(3282, 252, 'Отделение №2 (до 30 кг): ул. Бориславская, 2'),
(3283, 659, 'Отделение: ул. Мишуги, 4'),
(3284, 332, 'Отделение №1: ул. Чупринки, 15'),
(3285, 345, 'Отделение № 54 (до 30 кг): просп. Академика Палладина, 25а (м. Академгородок)'),
(3286, 317, 'Отделение №1: ул. Ленинградская, 4б'),
(3287, 478, 'Отделение №7 (до 30 кг): просп. Строителей, 86 (в районе магазина "Тысяча мелочей")'),
(3288, 824, 'Отделение №22 (до 30 кг): ул. Чернишевская, 1'),
(3289, 824, 'Отделение №23 (до 30 кг): ул. Академика Павлова, 134/16'),
(3290, 824, 'Отделение №24 (до 30 кг): ул. Полтавский Шлях, 154'),
(3291, 529, 'Отделение №12 (до 30 кг): ул. Пушкинская, 33'),
(3292, 529, 'Отделение №13 (до 30 кг на одно место): ул. Красных Маёвщиков, 17/7'),
(3293, 826, 'Отделение №9 (до 30 кг): ул. Димитрова, 23'),
(3294, 580, 'Отделение №26 (до 30 кг на одно место): ул. Днепропетровская дорога, 126'),
(3295, 280, 'Отделение №18 (до 30 кг на одно место): ул. Орджоникидзе,11'),
(3296, 258, 'Отделение №1: ул. Новая, 15'),
(3297, 141, 'Отделение №8 (до 30 кг на одно место): ул. Пушкина, 10'),
(3298, 141, 'Отделение №9 (до 30 кг на одно место): просп. Коцюбинского, 32'),
(3299, 141, 'Отделение №10: Хмельницкое шоссе, 82'),
(3300, 563, 'Отделение №1: ул. Васильковская, 2а'),
(3301, 600, 'Отделение № 5 (до 30 кг на одно место): ул. Садовниченко, 7'),
(3302, 870, 'Отделение №1: ул. Главная, 29а'),
(3303, 828, 'Отделение №6 (до 30 кг): ул. Подольская, 73/1'),
(3304, 828, 'Отделение №7: ул. Курчатова, 20'),
(3305, 824, 'Отделение №14: просп. Московский, 199б (ТЦ СанСити, 2)'),
(3306, 147, 'Отделение №2 (до 30 кг): ул. Леси Украинки, 19'),
(3307, 610, 'Отделение: ул. Привокзальная, 20'),
(3308, 580, 'Отделение №99 (до 15 кг) Мини-отделение: пл. Греческая, 1'),
(3309, 520, 'Отделение: ул. Горького, 93'),
(3310, 457, 'Отделение №38 (до 30 кг): ул. Зеленая, 89'),
(3311, 856, 'Отделение № 6 (до 30 кг на одно место): ул. Волкова, 30'),
(3312, 856, 'Отделение № 7 (до 30 кг на одно место): ул. Сумгаитская, 33'),
(3313, 305, 'Отделение №1: ул. Киевская, 23'),
(3314, 342, 'Отделение №1: ул. Волошина, 37'),
(3315, 353, 'Отделение №1: ул. Богдана Хмельницкого, 26'),
(3316, 373, 'Отделение №1: просп. 40-летия Освобождения, 2б'),
(3317, 460, 'Отделение: ул. Независимости, 60'),
(3318, 345, 'Отделение №225 (до 10 кг), Мини-отделение: просп. Московский, 15а (маг."Ашан")'),
(3319, 345, 'Отделение №175 (до 5 кг), Мини-отделение: ул. Довженко, 3 (маг."Абсолют")'),
(3320, 457, 'Отделение №27 (до 15 кг), Мини-отделение : ул. Городоцкая, 300 (маг."МЕТРО")'),
(3321, 743, 'Отделение: ул. Грушевсково, 54'),
(3322, 646, 'Отделение: ул. Героев Майдана, 100'),
(3323, 781, 'Отделение №1: ул. Независимости, 24'),
(3324, 445, 'Отделение №2 (до 30 кг): ул. 1-й микрорайон, 17/4'),
(3325, 64, 'Отделение №1: ул. Комсомольская, 27'),
(3326, 132, 'Отделение №1: ул. Ивана Франка, 107а'),
(3327, 147, 'Отделение № 7 (до 10 кг) Мини-отделение: ул. Большая Кольцевая, 4 (маг."АШАН")'),
(3328, 145, 'Отделение №1: ул. Ленина, 150б'),
(3329, 488, 'Отделение № 7 (до 15 кг), Мини-отделение: ул. Ленина, 18/2 (маг."Фуршет")'),
(3330, 345, 'Отделение №199 (до 10 кг), Мини-отдление: ул. Берковецкая, 6 (маг."Ашан")'),
(3331, 580, 'Отделение № 51 (до 15 кг) Мини-отделение: просп. Маршала Жукова, 65а (маг."Копейка")'),
(3332, 717, 'Отделение №1: ул. Архангельского, 7'),
(3333, 191, 'Отделение №1: ул. Ленина, 9, кв.3'),
(3334, 793, 'Отделение №1: ул. Железнодорожная, 6'),
(3335, 511, 'Отделение №1: ул. Ленина, 147а'),
(3336, 414, 'Отделение №1: ул. Куприна, 123б'),
(3337, 701, 'Отделение №5 (до 30 кг на одне место): ул. Егорова, 33,кв.2'),
(3338, 826, 'Отделение № 19 (до 5 кг) Мини-отделение: просп. Ушакова, 49 (маг."Сильпо")'),
(3339, 730, 'Отделение №1: ул. Карпинского, 10а'),
(3340, 269, 'Отделение № 16 (до 10 кг), Мини-отделение: ул. Генерала Потапова, 1 (маг."Экомаркет")'),
(3341, 269, 'Отделение № 17(до 15 кг), Мини-отделение: ул. Киевская, 77 (ТРЦ "Глобал UA")'),
(3342, 541, 'Отделение №1: ул. Октябрьская, 41а'),
(3343, 345, 'Отделение № 234 (до 5 кг), Мини-отделение: ул. Татарская, 3/2 (маг. "Фора")'),
(3344, 128, ''),
(3345, 349, 'Отделение №17 (до 10 кг), Мини-отделение: ул. Великая Перспективная, 53 (маг."Сильпо")'),
(3346, 345, 'Отделение № 143 (до 30 кг на одно место): ул. Полярная, 8'),
(3347, 469, 'Отделение №1: ул. Киевская, 9а'),
(3348, 192, 'Отделение №1: ул. Главная, 99'),
(3349, 399, 'Отделение №3: ул. 19-го Партсъезда, 39'),
(3350, 589, 'Отделение №1: ул. Ленина, 107'),
(3351, 226, 'Отделение №1: ул. Киевская, 67'),
(3352, 824, 'Отделение № 50 (до 5 кг) Мини-отделение: ул. Роганская, 160 (АЗС "ОККО")'),
(3353, 239, 'Отделение № 10 ( до 30 кг на одно место): просп. Аношкина, 94'),
(3354, 266, 'Отделение № 3 (до 30 кг на одно место): ул. Буденного, 76'),
(3355, 371, 'Отделение №3 (до 30 кг): ул. Сечевых Стрельцов, 44 (в районе магазина "Верховина")'),
(3356, 19, 'Отделение №1: пров. Миру, 2'),
(3357, 345, 'Отделение № 249 (до 30 кг): ул. Онуфрия Трутенка, 6'),
(3358, 568, 'Отделение: ул. Ленина, 222'),
(3359, 255, 'Отделение №1: ул. Вокзальная, 7'),
(3360, 841, 'Отделение №1: ул. Набережная, 19'),
(3361, 355, 'Отделение №1: ул. Главная, 110'),
(3362, 580, 'Отделение № 100 (до 15 кг), Мини-отделение: ул. Маршала Малиновского, 33 (маг. "Сильпо")'),
(3363, 379, 'Отделение №3 (до 30 кг): ул. Клубная, 8'),
(3364, 120, 'Отделение №1: площадь Освобождения, 6'),
(3365, 31, 'Отделение №1: ул. Змеевская, 68а'),
(3366, 37, 'Отделение: ул. Донецкая, 48'),
(3367, 292, 'Отделение №2 (до 10 кг) Мини-отделение: ул. Школьная, 42'),
(3368, 488, 'Отделение № 6 (до 30 кг): ул. Кирова, 42/1'),
(3369, 640, 'Отделение №10 (до 30 кг на одно место): ул. Фрунзе, 63'),
(3370, 273, 'Отделение № 1: пл. Степана Бандеры, 6'),
(3371, 611, 'Отделение № 1: ул. Истомина, 1'),
(3372, 580, 'Отделение № 106 (до 15 кг) Мини-отделение: ул. Крымская, 71(маг."Сильпо")'),
(3373, 872, 'Отделение № 1: ул. Чапаева, 41в '),
(3374, 693, 'Отделение № 2 (до 30кг): пл. Рынок, 30/10'),
(3375, 462, 'Отделение №2 (до 30 кг): ул. Дружбы, 1'),
(3376, 345, 'Отделение № 142 (до 30 кг): ул. Амвросия Бучмы, 5'),
(3377, 856, 'Отделение №4 (до 30 кг): ул. Гагарина, 79'),
(3378, 365, 'Отделение №1: ул. Советская, 44.'),
(3379, 824, 'Отделение № 44 (до 30 кг): просп. Московский, 232а'),
(3380, 824, 'Отделение № 46 (до 30 кг): ул. Слинько, 9'),
(3381, 69, 'Отделение: ул. Шевченко, 10'),
(3382, 297, 'Отделение №1: ул. Красноармейская, 21а'),
(3383, 896, 'Отделение № 2 (до 10 кг) Мини-отделение: ул. Химиков, 29 (ТЦ "Виртус")'),
(3384, 640, 'Отделение № 16 ( до 10 кг) Мини-отделение: просп. Мира, 30а(ТЦ "Мир")'),
(3385, 345, 'Отделение № 176 (до 15 кг), Мини-отделение: просп. Николая Бажана, 10а (маг."VARUS")'),
(3386, 640, 'Отделение № 18 (до 30 кг), Мини-отделение: ул. Гоголя, 38 (ТЦ "Метрополитан")'),
(3387, 345, 'Отделение № 218 (до 5 кг), Мини-отделение: ул. Лайоша Гавро, 20 (маг."Фора")'),
(3388, 403, 'Отделение № 1: ул. Маковея, 7'),
(3389, 894, 'Отделение №1: ул. Кооперативная, 20'),
(3390, 692, 'Отделение № 1: ул. Черкасская, 104/3'),
(3391, 345, 'Отделение №6: ул. Николая Василенко, 2 (метро Берестейская)'),
(3392, 345, 'Отделение №66: ул. Сирецкая, 9 (Куреневка)'),
(3393, 141, 'Отделение № 35 (до 10 кг) Мини-отделение: Хмельницкое шоссе, 145б (маг."Фуршет")'),
(3394, 885, 'Отделение № 1: ул. Главная, 25'),
(3395, 91, 'Отделение №1: ул. 1 мая, 47 а'),
(3396, 110, 'г. Великая Белозерка, Отделение №1: ул. Центральная, 131 б'),
(3397, 114, 'Отделение: ул. Ленина, 105'),
(3398, 108, 'Отделение № 1: ул. Братская, 17'),
(3399, 134, 'Отделение №1: ул. Леніна, 30'),
(3400, 175, 'Отделение №1: ул. Красноармейская, 55'),
(3401, 585, 'Отделение №1: ул. Лагодны, 17'),
(3402, 166, 'г. Ворожба, Отделение №1: ул. Ворошилова, 10а'),
(3403, 489, 'Отделение: ул. Дружбы народов, 103'),
(3404, 707, 'Отделение №1: ул. Гагарина, 11'),
(3405, 744, 'Отделение №1: площадь Товарная, 5'),
(3406, 742, 'Отделение: площадь Мира, 3/5'),
(3407, 280, 'Отделение №32 (до 30 кг на одно место): ул. Готвальда, 2'),
(3408, 459, 'Отделение: ул. Кирова, 92д'),
(3409, 349, 'Отделение № 10 (до 30 кг): ул. 50 лет Октября, 26'),
(3410, 824, 'Отделение №28 (до 30 кг): ул. Культуры, 23'),
(3411, 375, 'Отделение №3 (до 30 кг): ул. Ленина, 43, оф.1'),
(3412, 15, 'Отделение №2 (до 30 кг): ул. Чайковского, 41'),
(3413, 345, 'Отделение № 226 (до 15 кг), Мини-отделение: ул. Марины Цветаевой, 18/78 (маг."Фора")'),
(3414, 414, 'Отделение №16 (до 30 кг на одно место): вул. Электрозаводская, 10а'),
(3415, 457, 'Отделение №36 (до 30 кг) Мини-отделение: просп. Красной Калины, 62а (ТЦ "ИНТЕР СИТИ")'),
(3416, 240, 'Отделение № 49 (до 15 кг) Мини-отделение: ул. 20-летия Победы, 43д (маг.VARUS, ТЦ "Терра")'),
(3417, 151, 'Отделение №1, ул. Молодежная, 29'),
(3418, 457, 'Отделение №13 (до 30 кг на одно место): ул. Ставова, 7в'),
(3419, 80, 'Отделение №2 (до 10 кг) Мини-отделение: ул. Ленина, 318'),
(3420, 797, 'Отделение №1: ул. Базарная, 1а'),
(3421, 806, 'Отделение: площадь Ринок, 13/2'),
(3422, 815, 'Отделение: ул. Юности, 8'),
(3423, 820, 'Отделение № 1: ул. Гагарина, 2'),
(3424, 823, 'Отделение №1: ул. 1-го Мая, 37'),
(3425, 849, 'Отделение: ул.Шевченка, 112'),
(3426, 865, 'г. Чечельник, Отделение, ул. Ленина, 45'),
(3427, 757, 'Отделение №1: ул. 40-летие Победы, 8а'),
(3428, 299, 'Отделение №1: ул. Ленина, 50б'),
(3429, 345, 'Отделение №125 (до 15 кг), Мини-отделение: ул. Здолбуновская, 4 (маг. "Сильпо")'),
(3430, 776, 'Отделение №1: ул. Советская, 2а'),
(3431, 694, 'Отделение №1: ул. Котовского, 25'),
(3432, 66, 'Отделение №1: ул. Слюсарская, 1'),
(3433, 345, 'Отделение № 210 (до 30 кг на одно место): ул. Елизаветы Чавдар, 13'),
(3434, 112, 'Отделение №1: ул. Ленина, 15б'),
(3435, 625, 'Отделение №1, ул. Петровского, 123'),
(3436, 346, 'Отделение №1: ул. Перекопской дивизии, 19'),
(3437, 663, 'Отделение: ул. Первого Мая, 1а'),
(3438, 518, 'Отделение №1: ул. Генерала Корчагина, 2'),
(3439, 654, 'Отделение №1: ул. Грушевского, 11а'),
(3440, 264, 'Отделение №1: ул. Ленина, 12'),
(3441, 832, 'Отделение: ул. Дудниченка, 39г'),
(3442, 726, 'Отделение: ул. Шевченко, 251'),
(3443, 824, 'Отделение № 41 (до 30 кг на одно место): ул. Матюшенко, 7б'),
(3444, 824, 'Отделение № 42 (до 30 кг на одно место): ул. Иванова, 11/13'),
(3445, 375, 'Отделение № 4 (до 30 кг): ул. Горняков, 25'),
(3446, 498, 'Отделение №3 (до 30 кг на одно место): ул. Гоголя, 170в'),
(3447, 699, 'Отделение № 3 (до 30 кг): ул. Юбилейная, 2'),
(3448, 722, 'Отделение №4 (до 30 кг): ул. Свердлова, 71а'),
(3449, 329, 'Отделение № 6 (до 30 кг): ул. Красноармейская, 39'),
(3450, 580, 'Отделение № 38 (до 30 кг): Днепропетровская дорога, 113б'),
(3451, 580, 'Отделение № 107 (до 15 кг) Мини-отделение: ул. Бунина, 10 (БЦ "Морской")'),
(3452, 345, 'Отделение № 256 (до 30 кг),Мини-отделение: Столичное шоссе, 103 (ТРЦ "Атмосфера")'),
(3453, 82, 'Отделение №1: ул. Главная, 75а'),
(3454, 824, 'Отделение № 116 (до 15 кг), Мини-отделение: ул. Гвардейцев Широнивцев, 83/26 (маг."АТБ")'),
(3455, 506, 'Отделение №1: ул. Шевченко, 15 (проходная табачной фабрики)'),
(3456, 216, 'Отделение №1: ул. 1-го Мая, 43'),
(3457, 600, 'Отделение №3 (до 30 кг на одно место): ул. Днепровская, 563а'),
(3458, 307, 'Отделение №8 (до 30 кг): ул. Миколайчука, 30'),
(3459, 580, 'Отделение № 114 (до 15 кг), Мини-отделени: ул. Чорноморского козачества, 161 (маг."Фокстрот")'),
(3460, 457, 'Отделение №19 (до 30 кг): ул. Академика А. Сахарова, 82'),
(3461, 642, 'Отделение №1: участок Центр (напротив Церкви)'),
(3462, 560, 'Отделение № 1: ул. Петровского, 1ж'),
(3463, 599, 'Отделение: ул. Ленина, 21/2'),
(3464, 323, 'Отделение №1: ул. Винниченка, 13/2а'),
(3465, 705, 'Отделение: ул. Ленина, 52'),
(3466, 215, 'Отделение №1: переул. Пионерский, 6'),
(3467, 830, 'Отделение: ул. Карла Маркса, 86/1 (територия автошколы)'),
(3468, 895, 'Отделение №1: ул. Коммунальная, 10'),
(3469, 690, ''),
(3470, 824, 'Отделение № 79 (до 15 кг) Мини-отделение: бульв. Сергея Грицевца, 2а (ТЦ "Экватор", маг."Велмарт")'),
(3471, 418, 'Отделение №2 (до 30 кг на одно место): ул. Вишневая, 17'),
(3472, 788, 'Отделение: ул. Комсомольская, 3 ц'),
(3473, 104, 'Отделение № 2 (до 30 кг): ул. Грушевского, 10'),
(3474, 269, 'Отделение №8: ул. Баранова, 52'),
(3475, 63, 'Отделение №1: ул. Кирова, 87'),
(3476, 782, 'Отделение №1: ул. Генерала Плиева, 15а'),
(3477, 824, 'Отделение №37 (до 30 кг на одно место): ул. Клочковская, 244'),
(3478, 824, 'Отделение №125 (до 15 кг), Мини-отделение: просп. Гагаріна, 178'),
(3479, 648, 'Отделение №1: ул. Калинина, 79а (ТОЦ "Барвинок")'),
(3480, 329, 'Отделение №4 (до 30 кг): ул. Шевченка 15'),
(3481, 847, 'Отделение: ул. Центральная, 2'),
(3482, 747, 'Отделение № 2 (до 30 кг): ул. Грушевского, 39'),
(3483, 510, 'Отделение №1: ул. Советская, 10а'),
(3484, 633, 'Отделение: ул. Бережанская, 2'),
(3485, 783, 'Отделенип: ул. 22 января'),
(3486, 509, 'Отделение: ул. Галицкая, 56'),
(3487, 822, 'Отделение № 1: ул. Семенова, 55'),
(3488, 240, 'Отделение № 50 (до 15 кг) Мини-отделение: ул. Метростроителей, 19 (ТЦ "Парус", маг. "Сильпо")'),
(3489, 240, 'Отделение № 51 (до 15 кг) Мини-отделение: просп. Гагарина, 8а (ТРЦ "Нагорный")'),
(3490, 345, 'Отделение № 177 (до 30 кг), Мини-отделение: ул. Ярославская, 56а (маг."Фуршет")'),
(3491, 194, 'Отделение № 1: ул. Горьева, 17'),
(3492, 348, 'Отделение № 1: ул. Ленина, 1б'),
(3493, 414, 'Отделение № 24 (до 15 кг), Мини-отделение: просп. Дзержинского, 1б (маг. "VARUS")'),
(3494, 888, 'Отделение №1: ул. Дерия, 58 (район Больницы)'),
(3495, 109, 'Отделение №1: ул. Шевченка, 75'),
(3496, 713, 'Отделение №1: ул. Купчинского, 13'),
(3497, 580, 'Отделение № 62 (до 30 кг на одно место): ул. Академика Глушко, 14/6'),
(3498, 196, 'Отделение №1: ул. Ткача, 19а'),
(3499, 689, 'Отделение №1: ул. Шраменко, 49/1'),
(3500, 245, 'Отделение №1: ул. Озерная, 1'),
(3501, 766, 'Отделение №1: ул. Заречная, 9'),
(3502, 750, 'Отделение №1: ул. Грушевского, 1а'),
(3503, 686, 'Отделение №1: ул. Возрождения, 1'),
(3504, 529, 'Отделение № 9 (до 30 кг на одно место): ул. Генерала Карпенка, 2/2 а'),
(3505, 77, 'Отделение №4 (до 30 кг): ул. Головатого, 20'),
(3506, 580, 'Отделение №19 (до 30 кг на одно место): ул. Радостная, 23'),
(3507, 580, 'Отделение №20 (до 30 кг на одно место): ул. Малая Арнаутская 119'),
(3508, 280, 'Отделение № 12 (до 30 кг на одно место): ул. Звенигородская, 1'),
(3509, 280, 'Отделение № 13 (до 30 кг): ул. Сталеваров, 21'),
(3510, 412, 'Отделение №6 (до 30 кг): ул. 50 лет Октября, 96 (Торговый центр Простор)'),
(3511, 828, 'Отделение № 8 (до 30 кг): ул. Хотовицкого, 5'),
(3512, 359, 'Отделение №3 (до 30 кг): ул. Левицкого, 2а (район рынка "Брестский")'),
(3513, 478, 'Отделение № 6: ул. Георгиевская, 10 (Центр)'),
(3514, 583, 'Отделение №1: ул. 1-го Мая, 26'),
(3515, 394, 'Отделение №2 (до 30 кг): ул. Грушевского, 20'),
(3516, 679, 'Отделение: ул. Сечевых Стрельцов, 22'),
(3517, 233, 'Отделение №1: ул. Ленина, 58/1'),
(3518, 415, 'Отделение №1: ул. Советская, 39а'),
(3519, 105, 'Отделение №1: ул. Комунальный, 12 б'),
(3520, 294, 'Отделение №1: ул. Ленина, 6'),
(3521, 564, 'Отделение: ул. Пушкина, 8 а'),
(3522, 345, 'Отделение №52 (до 30 кг на одно место): просп. М. Бажана, 3'),
(3523, 269, 'Отделение № 6 (до 30 кг): ул. Небесной Сотни, 41'),
(3524, 269, 'Отделение № 7 (до 30 кг): ул. Киевская, 112'),
(3525, 269, 'Отделение № 1: пл. Смолянская, 3'),
(3526, 269, 'Отделение №9 (до 30 кг): ул. Витрука, 9а'),
(3527, 457, 'Отделение №10 (до 30 кг): ул. Левицкого, 7'),
(3528, 88, 'Отделение №4 (до 30 кг): ул. Грушевского, 9/1'),
(3529, 414, 'Отделение № 14 (до 30 кг на одно место): ул. Лисового, 9 а'),
(3530, 454, 'Отделение №2 (до 30 кг): ул. Ковельская, 68'),
(3531, 887, 'Отделение, ул. Ленина, 139'),
(3532, 818, 'Отделение №3 (до 30 кг на одно место),: ул. Октябрьской революции, 27'),
(3533, 533, 'Отделение №4 (до 30 кг на одно место): ул. Добролюбова, 42'),
(3534, 647, 'Отделение №1: ул. Ярослава Мудрого, 54а'),
(3535, 345, 'Отделение № 227 (до 30 кг), Мини-отделение: ул. Овручская, 18 (ТЦ "Променада центр")'),
(3536, 824, 'Отделение 66 (до 30 кг): ул. Туркестанская, 44'),
(3537, 882, 'Отделение №1: ул. Дружбы, 212'),
(3538, 573, 'Отделение №1: ул. Независимости, 1'),
(3539, 840, 'Отделение №1: ул. Кирова, 24/2'),
(3540, 824, 'Отделение № 43 (до 30 кг): просп. 50 лет ВЛКСМ, 48б'),
(3541, 580, 'Отделение № 39: ул. Одария, 2'),
(3542, 171, 'Отделение №1: ул. Данила Галицкого, 48'),
(3543, 579, 'Отделение №1: ул. Базарная, 3'),
(3544, 34, 'Отделение №3 (до 30 кг): ул. Леваневского, 47/1'),
(3545, 593, 'Отделение №1: ул. Мичурина, 1'),
(3546, 329, 'Отделение № 8 (до 30 кг): ул. Князей Кориатовичей, 50'),
(3547, 451, 'Отделение №1: ул. Заводская, 28'),
(3548, 824, 'Отделение № 80 (до 15 кг) Мини-отделение: просп. Московский, 256б (ТЦ "Экватор", маг."Велмарт")'),
(3549, 345, 'Отделение №293 (до 30 кг): ул. Академіка Булаховского, 5б'),
(3550, 549, 'Отделение № 1: ул. Набережная, 28'),
(3551, 580, 'Отделение № 52 (до 15 кг) Мини-отделение: просп. Маршала Жукова, 5а (маг."Сильпо")'),
(3552, 49, 'Отделение №4 (до 30 кг на одно место): ул. Соборная, 20 '),
(3553, 217, 'Отделение №1: ул. Терешковой, 3/1'),
(3554, 237, 'Отделение №1: пров. Партизанский, 37'),
(3555, 316, 'Отделение №1: ул. Ленина, 65а'),
(3556, 298, 'Отделение №2: ул. Киевская, 21'),
(3557, 836, 'Отдление № 2 (до 30 кг): ул. Богдана Хмельницкого, 24а'),
(3558, 824, 'Отделение № 117 (до 5 кг), Мини-отделение: просп. Маршала Жукова, 4б'),
(3559, 824, 'Отделение №105 (до 5 кг), Мини-отделение: просп. Московский, 295 (маг."КЛАСС")'),
(3560, 240, 'Отделение № 76 (до 30 кг): ул. Ленина, 1а'),
(3561, 345, 'Отделение № 129 (до 5 кг), Мини-отделение: бульв. Дарницкий, 23 (маг."Фора")'),
(3562, 340, 'Отделение № 3 (до 30 кг на одно место): ул. Карла Либкнехта, 120'),
(3563, 367, 'Отделение №1: ул. Привитна, 16'),
(3564, 529, 'Отделение № 42 (до 30 кг): ул. Чкалова, 215б'),
(3565, 285, 'Отделение №1: ул. Независимости, 91'),
(3566, 580, 'Отделение №108 (до 15 кг), Мини-отделение: бульв. Десантный, 16 (маг."Точка")'),
(3567, 645, 'Отделение: ул. Герцена, 2д'),
(3568, 141, 'Отделение № 18 (до 30 кг на одно место): ул. Свердлова, 181а'),
(3569, 674, 'Отделение № 17 (до 15 кг), Мини-отдеелние: ул. Курчатова, 9 (маг."FOZZY")'),
(3570, 345, 'Отделение №126 (до 15 кг), Мини-отделение: пров. Карельский, 3 ( маг. "Сильпо")'),
(3571, 290, 'Отделение №1: ул. Тараса Шевченко, 4'),
(3572, 330, 'Отделение №1: ул. Гагарина, 1'),
(3573, 336, 'Отделение №1: ул. Дорошенко, 5а'),
(3574, 591, 'Отделение №1: ул. Розы Люксембург, 2д'),
(3575, 248, 'Отделение №1: ул. Щорса, 9а'),
(3576, 711, 'Отделение № 1: ул. 40-летия Октября, 19'),
(3577, 626, 'Отделение: ул. Советская, 44'),
(3578, 763, 'Отделение №11 (до 30 кг): просп. Курский, 103 '),
(3579, 396, 'Отделение №1: ул. 50 лет Октября, 192'),
(3580, 207, 'Отделение №1: ул. Ленина, 15'),
(3581, 505, 'Отделение №1: ул. Шевченко, 120'),
(3582, 345, 'Отделение № 144 (до 30 кг на одно место): просп. Науки, 35'),
(3583, 345, 'Отделение № 145 (до 30 кг): ул. Алма-Атинская, 54'),
(3584, 580, 'Отделение №72 (до 30 кг на одно место): ул. Балковская, 30'),
(3585, 18, 'Отделение №1: ул. Дзержинского, 20'),
(3586, 335, 'Отделение №1: ул. Богдана Хмельницкого, 47'),
(3587, 482, 'Отделение №1: ул. Школьная, 8'),
(3588, 605, 'Отделение №1: ул. Геническая, 3а'),
(3589, 89, 'Отделение: ул. Леси Украинки, 55'),
(3590, 147, 'Отделение №3: ул. Ленина, 21а (Соф. Борщаговка)'),
(3591, 269, 'Отделение № 18 (до 15 кг), Мини-отделение: ул. Большая Бердичевская, 67 ( маг."Фора")'),
(3592, 640, 'Отделение №3 (до 30 кг на одно место): ул. Пушкина, 46'),
(3593, 240, 'Отделение №15: просп. Труда, 9'),
(3594, 240, 'Отделение №16 (до 30 кг): пл. Героев Майдана, 1'),
(3595, 824, 'Отделение №11 (до 30 кг): просп. Гагарина, 41/2'),
(3596, 824, 'Отделение №12: ул. Лукъяновская, 2'),
(3597, 640, 'Отделение №5 (до 30 кг): ул. Октябрьская, 73'),
(3598, 693, 'Отделение: ул. Шевченко, 52/8'),
(3599, 414, 'Отделение №8: ул. Курчатова, 1г'),
(3600, 454, 'Отделение №5: ул. Связистов, 1а'),
(3601, 454, 'Отделение №6 (до 30 кг): ул. Конякина, 30 (ТЦ "Варшавский")'),
(3602, 270, 'Отделение №1: ул. Киевская, 18'),
(3603, 883, 'Отделение №1: ул. Вали Котика, 33'),
(3604, 580, 'Отделение №11: ул. Николаевская дорога, 243'),
(3605, 614, 'Отделение: ул. Богдана Хмельницкого, 180в'),
(3606, 798, 'Отделение №1: ул. Победы, 1г'),
(3607, 141, 'Отделение №15 (до 30 кг на одно место): ул. Данила Нечая, 77а'),
(3608, 345, 'Отделение №8: ул. Щекавицкая, 46 б (Подол)'),
(3609, 345, 'Отделение №7 (до 30 кг на одно место): ул. Красногвардейская, 8 (м. Черниговская)'),
(3610, 147, 'Отделение №1: ул. Киевская, 27'),
(3611, 736, 'Отделение №1: ул. Крывоноса, 4'),
(3612, 183, 'Отделение №1: ул. Гагарина, 13'),
(3613, 787, 'Отделение № 1: ул. Кооперативная, 4'),
(3614, 606, 'Отделение №1: ул. Вознесенская, 52'),
(3615, 345, 'Отделение №24 (до 30 кг на одно место): ул. Белорусская, 21 (м. Лукьяновская)'),
(3616, 310, 'Отделение: ул. Некрасова, 3а'),
(3617, 345, 'Отделение № 178 (до 10 кг), Мини-отделение: ул. Глыбочицкая, 53 (маг."Фокстрот")'),
(3618, 228, 'Отделение №1: ул. Проскуровская, 3'),
(3619, 477, 'Отделение: ул. Парковая, 8'),
(3620, 580, 'Отделение № 71(до 30 кг): ул. Варненская, 15'),
(3621, 392, 'Отделение №1: ул. Горбового, 8'),
(3622, 135, 'Отделение №1: ул. Московская, 21'),
(3623, 5, 'Отделение №1: ул. Советская, 3а'),
(3624, 540, 'Отделение: ул. Ленина, 175'),
(3625, 26, 'Отделение №1: ул. Дзержинского, 28'),
(3626, 834, 'Отделение: ул. Урицкого, 44'),
(3627, 674, 'Отделение №35 (до 30 кг), Мини-отделение: ул. Короленко, 1 (ТЦ "ЗЛАТА ПЛАЗА")'),
(3628, 518, 'Отделение №2 (до 30 кг на одно место): ул. Широкомагерская, 1'),
(3629, 640, 'Отделение № 15 (до 30 кг на одно место): ул. Фрунзе, 94'),
(3630, 412, 'Отделение № 12 (до 30 кг): ул. Халаменюка, 10б'),
(3631, 380, 'Отделение №2 (до 30 кг на одно место): пл. Победы, 16'),
(3632, 240, 'Отделение № 45 (до 30 кг на одно место): просп. Воронцова, 7'),
(3633, 737, 'Отделение №1: ул. Шевченко, 29'),
(3634, 667, 'Отделение №1: ул. Садовая, 31'),
(3635, 258, 'Отделение №2 (до 30 кг): ул. Почтовая, 19'),
(3636, 751, 'Отделение №1: ул. Кооперативная, 1а'),
(3637, 674, 'Отделение № 16 (до 15 кг), Міні-відділення, ул. Гагарина, 26 (маг."NOVUS")'),
(3638, 558, 'Отделение № 3 (до 30 кг): ул. Советская, 48 б'),
(3639, 558, 'Отделение №4 (до 30 кг на одно место): ул. 195 Стрелковой Дивизии, 3'),
(3640, 580, 'Отделение №34 (до 30 кг): ул. Сергея Ядова, 16а'),
(3641, 855, 'Отделение №1: ул. Дачная, 5'),
(3642, 76, 'Отделение №1: ул. Ковалива, 4'),
(3643, 391, 'Отделение №1: переул. Вокзальный, 6'),
(3644, 580, 'Отделение № 116 (до 15 кг), Мини-отделение: ул. Бригадная, 48 (маг."Точка")'),
(3645, 828, 'Отделение №13 (до 30 кг): ул. Черновола, 84'),
(3646, 801, 'Отделение №1: ул. 20-го Партсъезда, 6'),
(3647, 272, 'Отделение №1: бульв. Ленина, 1а'),
(3648, 546, 'Отделение: ул. Пролетарская, 46а'),
(3649, 552, 'Отделение: ул. Суворова, 2а'),
(3650, 559, 'Отделение №1: ул. Космическая, 7'),
(3651, 561, 'Отделение: ул. Ленина, 10'),
(3652, 587, 'Отделение №1: ул. 50-летия Октября, 16'),
(3653, 588, 'Отделение: ул. Октябрьская, 21'),
(3654, 345, 'Отделение № 42 (до 30 кг): ул. Щербакова, 32/38, м. Нивки (Дегтяри)'),
(3655, 345, 'Отделение № 43 (до 30 кг на одно место): ул. Голосеевская, 2'),
(3656, 345, 'Отделение № 44 (до 30 кг на одно место): просп. Лесной, 14'),
(3657, 345, 'Отделение № 45 (до 30 кг на одно место): просп. Юрия Гагарина, 13 (Ленинградская пл.)'),
(3658, 345, 'Отделение № 46 (до 30 кг на одно место): бульв. Дружбы Народов, 14 (м. Дружбы Народов)'),
(3659, 345, 'Отделение № 47 (до 30 кг на одно место): ул. Вышгородская, 38'),
(3660, 46, 'Отделение №1: ул. 1-го Мая, 14'),
(3661, 6, 'Отделение №1: ул. Генерала Подзыгуна, 167а'),
(3662, 345, 'Отделение №127 (до 5 кг), Мини-отделение: ул. Драйзера, 21 (маг."Сильпо")'),
(3663, 832, 'Отделение №2 (до 30 кг): ул. Олимпийская, 80 (БЦ "Капитал")'),
(3664, 296, 'Отделение №1: ул. Тычины, 2а'),
(3665, 323, 'Отделение №2 (до 30 кг): ул. 8-ма Гвардейская, 62'),
(3666, 860, 'Отделение №1: ул. Русская, 234г'),
(3667, 824, 'Отделение №8 (до 30 кг): ул. Малогончаровская, 28/30'),
(3668, 889, 'Отделение № 4 (до 15 кг), Мини-отделение: ул. Орджоникидзе, 1'),
(3669, 414, 'Отделение № 10 (до 30 кг на одно место): ул. Кириленка 25'),
(3670, 307, 'Отделение №4: ул. Юности, 62б'),
(3671, 50, 'Отделение №7 (до 15 кг) Мини-отделение: ул. Димитрова, 40 (маг."Сильпо")'),
(3672, 789, 'Отделение: ул. Ольги Кобылянской, 1'),
(3673, 731, 'Отделение: ул. Гагарина, 26а'),
(3674, 738, 'Отделение №1: ул. Октябрьская, 59/1'),
(3675, 839, 'Отделение № 1:ул. Ватутина, 2'),
(3676, 240, 'Отделение №5 (до 30 кг): ул. Плеханова, 5а'),
(3677, 240, 'Отделение №73 (до 30 кг на одно место): ул. Калиновая, 72'),
(3678, 756, 'Отделение №1: ул. Шевченко, 3а'),
(3679, 345, 'Отделение № 179 (до 15 кг), Мини-отделение: ул. Оноре де Бальзака, 42/20 (маг."Фора")'),
(3680, 824, 'Отделение №52 (до 15 кг): просп. Тракторостроителей, 128в (ТЦ "КЛАСС")'),
(3681, 266, 'Отделение №1: ул. Заводская 1/14');

