
--
-- Dumping data for table `action_labels`
--

INSERT INTO `action_labels` (`id`, `name`, `html_class`) VALUES
(1, 'none', 'none'),
(2, 'Расспродажа', 'flag_sell'),
(3, 'Новинка', 'flag_new');

-- --------------------------------------------------------

--
-- Dumping data for table `menu`
--

INSERT INTO `menu` (`id`, `name`, `description`) VALUES
(1, 'mainMenu', 'Верхнее меню'),
(2, 'sideleftMenu', 'Левое меню'),
(3, 'footerleftMenu', 'Левое меню подвала'),
(4, 'footerrightMenu', 'Правое меню подвала');

-- --------------------------------------------------------

--
-- Dumping data for table `menu_items`
--

INSERT INTO `menu_items` (`id`, `menu_id`, `name`, `priority`, `link`, `link_type`, `create_time`, `update_time`, `active`) VALUES
(1, 1, 'Контакты', 5, 'contacts', 'local', '2015-11-23 08:37:19', '2015-11-23 08:37:19', NULL),
(2, 1, 'Кредит', 3, 'info/credit', 'local', '2015-11-23 08:37:19', '2015-11-23 08:37:19', NULL),
(3, 1, 'Гарантия', 4, 'info/guarantee', 'local', '2015-11-23 08:37:19', '2015-11-23 08:37:19', NULL),
(4, 1, 'О нас', 2, 'info/about-us', 'local', '2015-11-23 08:37:19', '2015-11-23 08:37:19', NULL),
(5, 1, 'Доставка и оплата', 1, 'info/shipping-and-payment', 'local', '2015-11-23 08:37:19', '2015-11-23 08:37:19', NULL),
(6, 2, 'Контакты', 5, 'contacts', 'local', '2015-11-23 08:37:19', '2015-11-23 08:37:19', NULL),
(7, 2, 'Кредит', 3, 'info/credit', 'local', '2015-11-23 08:37:19', '2015-11-23 08:37:19', NULL),
(8, 2, 'Гарантия', 4, 'info/guarantee', 'local', '2015-11-23 08:37:19', '2015-11-23 08:37:19', NULL),
(9, 2, 'О нас', 2, 'info/about-us', 'local', '2015-11-23 08:37:19', '2015-11-23 08:37:19', NULL),
(10, 2, 'Доставка и оплата', 1, 'info/shipping-and-payment', 'local', '2015-11-23 08:37:19', '2015-11-23 08:37:19', NULL),
(11, 3, 'Кредит', 3, 'info/credit', 'local', '2015-11-23 08:37:19', '2015-11-23 08:37:19', NULL),
(12, 3, 'О нас', 2, 'info/about-us', 'local', '2015-11-23 08:37:19', '2015-11-23 08:37:19', NULL),
(13, 3, 'Доставка и оплата', 1, 'info/shipping-and-payment', 'local', '2015-11-23 08:37:19', '2015-11-23 08:37:19', NULL),
(14, 4, 'Контакты', 2, 'contacts', 'local', '2015-11-23 08:37:19', '2015-11-23 08:37:19', NULL),
(15, 4, 'Гарантия', 1, 'info/guarantee', 'local', '2015-11-23 08:37:19', '2015-11-23 08:37:19', NULL);

-- --------------------------------------------------------

--
-- Dumping data for table `pages`
--

INSERT INTO `pages` (`id`, `title`, `alias`, `description`, `content`, `seo_title`, `seo_description`, `seo_keywords`, `create_time`, `update_time`) VALUES
(1, 'Программа лояльности', 'loyal', 'Программа лояльности', '<div class="static-content-wrap static-content-wrap_about">\r\n		<section class="content">\r\n			<div class="wrap">\r\n				<div class="content__i">\r\n					<h2 class="warranty-title"><span>Чем крупнее покупка, тем больше Скидку Вы получаетеа</span></h2>\r\n					<div class="warranty-info">\r\n						<div class="warranty-info__i">\r\n							<div class="discount-size">\r\n								<div class="discount-size__i clearfix">\r\n									<div class="list">\r\n										<table>\r\n											<tr>\r\n												<td>500 — 1000 грн.</td>\r\n												<td>-3%</td>\r\n											</tr>\r\n											<tr>\r\n												<td>1001 — 2500 грн.</td>\r\n												<td>-5%</td>\r\n											</tr>\r\n											<tr>\r\n												<td>2501 — 5000 грн.</td>\r\n												<td>-7%</td>\r\n											</tr>\r\n											<tr>\r\n												<td>5001 грн. и более</td>\r\n												<td>-10%</td>\r\n											</tr>\r\n										</table>\r\n									</div>\r\n									<div class="info">\r\n										<p>Скидка <a href="#">действует</a> на покупку которую Вы совершаете.</p>\r\n									</div>\r\n								</div>\r\n							</div>\r\n						</div>\r\n					</div>\r\n				</div>\r\n			</div>\r\n		</section>\r\n		<section class="content">\r\n			<div class="wrap">\r\n				<div class="content__i">\r\n					<h2 class="warranty-title"><span>Дополнительные Бонусы за каждую покупку</span></h2>\r\n					<div class="warranty-info">\r\n						<div class="warranty-info__i">\r\n							<div class="bonus-list">\r\n								<div class="bonus-list__i">\r\n									<ul>\r\n										<li>С каждых потраченных <strong>100 гривен</strong>, Вы получаете <strong>1\r\n											бонус</strong> на свой Персональный Счет\r\n										</li>\r\n										<li>Бонусы можно использовать при любой следующей покупке</li>\r\n										<li>Вам нужно оплатить деньгами всего лишь 1 товар при покупке, а все остальные\r\n											можно купить бонусами\r\n										</li>\r\n										<li>Если Вы частично оплатили покупку бонусами – на оставшуюся стоимость все\r\n											равно начисляются бонусы\r\n										</li>\r\n									</ul>\r\n								</div>\r\n							</div>\r\n						</div>\r\n					</div>\r\n				</div>\r\n			</div>\r\n		</section>\r\n		<section class="content">\r\n			<div class="wrap">\r\n				<div class="content__i">\r\n					<h2 class="warranty-title"><span>Как стать участником программы «Скидки + Бонусы»?</span></h2>\r\n					<div class="warranty-info warranty-info_3">\r\n						<p>Просто <strong>зарегистрируйтесь</strong> на сайте, иначе мы технически не сможем начислять\r\n							Вам бонусы.\r\n						</p>\r\n						<div class="warranty-info__i">\r\n							<div class="item">\r\n								<div class="item__i">\r\n									<div class="img">\r\n										<img src="/img/demo/l1.jpg" alt=""/>\r\n									</div>\r\n									<i></i>\r\n								</div>\r\n							</div>\r\n							<div class="item">\r\n								<div class="item__i">\r\n									<div class="img">\r\n										<img src="/img/demo/l2.jpg" alt=""/>\r\n									</div>\r\n									<i></i>\r\n								</div>\r\n							</div>\r\n							<div class="item">\r\n								<div class="item__i">\r\n									<div class="img">\r\n										<img src="/img/demo/l3.jpg" alt=""/>\r\n									</div>\r\n								</div>\r\n							</div>\r\n						</div>\r\n					</div>\r\n				</div>\r\n			</div>\r\n		</section>\r\n		<section class="content">\r\n			<div class="wrap">\r\n				<div class="content__i">\r\n					<h2 class="warranty-title"><span>Используйте Скидки и Бонусы вместе</span></h2>\r\n					<div class="warranty-info">\r\n						<div class="warranty-info__i">\r\n							<div class="together">\r\n								<div class="together__i	">\r\n\r\n									<p>При покупке, Все участники программы <b>«Скидки + Бонусы»</b>, обязательно получают\r\n										указанную выше скидку и одновременно могут использовать бонусы. </p>\r\n\r\n									<h3>Как это работает, глянем на примере:</h3>\r\n\r\n									<p>Первая покупка: <br/>\r\n										Вы хотите приобрести спортивный костюм за <strong>1000 грн</strong>.<br/>\r\n										Вам дается скидка 3%, и она работает уже на этой покупке, Вы платите за нее <strong>970\r\n											грн.</strong><br/>\r\n										На Ваш бонусный счет начислено: <strong>970 грн х 0,01</strong> (бонусный коэффициент) = <strong>9,7\r\n											грн</strong></p>\r\n\r\n									<p>Следующая покупка:<br/>\r\n										Вы хотите приобрести куртку и полукомбинезон за <strong>2550 грн</strong>.<br/>\r\n										Стоимость для Вас, уже <strong>2550 грн – 7%</strong> (скидка за покупку свыше 2501 грн) = <strong>2371,5</strong>\r\n										грн<br/>\r\n										Вы можете еще больше уменьшить стоимость товара, используя деньги с бонусного\r\n										счета<br/>\r\n										<strong>2371,5 грн – 9,7 грн</strong> (деньги с бонусного счета) = <strong>2361,8 гр</strong>н<br/>\r\n										итак, Ваша финальная цена не 2550 грн, а <strong>2361,8 грн</strong><br/>\r\n										и это еще не все, на Ваш бонусный счет за эту покупку начислено: <strong>2361,8 грн х\r\n											0,01</strong> (бонусный коэффициент) =<strong> 23,618 грн</strong></p>\r\n								</div>\r\n							</div>\r\n						</div>\r\n					</div>\r\n				</div>\r\n			</div>\r\n		</section>\r\n		<section class="content">\r\n			<div class="wrap">\r\n				<div class="content__i">\r\n					<div class="discount-attention">\r\n						<p>На акционные товары и распродажи, программа <strong>«Скидки + Бонусы»</strong> не действует</p>\r\n					</div>\r\n				</div>\r\n			</div>\r\n		</section>\r\n	</div>', 'Программа лояльности', 'Программа лояльности', 'Программа лояльности', '2015-11-23 06:37:02', '2016-04-01 07:56:16'),
(2, 'Гарантия', 'guarantee', 'Гарантия', '<div class="static-content-wrap">\r\n		<section class="content">\r\n			<div class="wrap">\r\n				<div class="content__i">\r\n\r\n					<div class="page-control">\r\n						<div class="page-control__i">\r\n							<table>\r\n								<tr>\r\n									<td><a class="scroll-to" href="#wr1">\r\n										Гарантия <br/>\r\n										качества\r\n									</a></td>\r\n									<td><a class="scroll-to" href="#wr2">\r\n										Гарантия<br/>\r\n										возврата\r\n									</a></td>\r\n									<td><a class="scroll-to" href="#wr3">\r\n										Гарантии<br/>\r\n										ответственности\r\n									</a></td>\r\n									<td><a class="scroll-to" href="#wr4">\r\n										Круглосуточные<br/>\r\n										покупки\r\n									</a></td>\r\n									<td><a class="scroll-to" href="#wr5">\r\n										Лучшие<br/>\r\n										цены\r\n									</a></td>\r\n									<td><a class="scroll-to" href="#wr6">\r\n										Гарантия<br/>\r\n										безопасности\r\n									</a></td>\r\n									<td><a class="scroll-to" href="#wr7">\r\n										Удобность<br/>\r\n										одежды\r\n									</a></td>\r\n								</tr>\r\n							</table>\r\n						</div>\r\n					</div>\r\n\r\n				</div>\r\n			</div>\r\n		</section>\r\n\r\n		<section id="wr1" class="content">\r\n			<div class="wrap">\r\n				<div class="content__i">\r\n\r\n					<h2 class="warranty-title"><span>Гарантия качества товара от производителя</span></h2>\r\n\r\n					<div class="warranty-info">\r\n						<div class="warranty-info__i">\r\n							<div class="col">\r\n								<div class="col__i">\r\n									<img src="/img/demo/warr1.jpg" alt=""/>\r\n								</div>\r\n							</div>\r\n							<div class="col">\r\n								<div class="col__i">\r\n									<div class="text">\r\n										<div class="text__i">\r\n											<ul>\r\n												<li>Идеальные лекала и высокое качество материала</li>\r\n												<li>Современные технологии пошива одежды</li>\r\n												<li>Вся одежда ТМ Sirius способна обеспечить оптимальный микроклимат\r\n													пододежного пространства\r\n												</li>\r\n												<li>Эластичность одежды способствует свободному движению, а мягкие\r\n													неощутимые швы не натирают и не трамвируют кожу\r\n												</li>\r\n												<li>Отдел контроля качества на производстве проводит самую\r\n													тщательную проверку изделия, в т.ч:\r\n\r\n													<ul>\r\n														<li>соблюдение техологической последовательности при пошиве</li>\r\n														<li>соотвествие размера изделия</li>\r\n														<li>строгой симетрии и ровности шва</li>\r\n														<li>функциональных качеств фурнитуры</li>\r\n														<li>тестирование на растяжимость и прочность швов</li>\r\n													</ul>\r\n												</li>\r\n											</ul>\r\n										</div>\r\n									</div>\r\n								</div>\r\n							</div>\r\n						</div>\r\n					</div>\r\n\r\n				</div>\r\n			</div>\r\n		</section>\r\n\r\n		<section id="wr2" class="content">\r\n			<div class="wrap">\r\n				<div class="content__i">\r\n\r\n					<h2 class="warranty-title"><span>Гарантия возврата</span></h2>\r\n\r\n					<div class="warranty-info">\r\n						<div class="warranty-info__i">\r\n							<div class="col">\r\n								<div class="col__i">\r\n									<div class="text">\r\n										<div class="text__i">\r\n\r\n											<p>Вы гарантированно можете обменять или вернуть товар в течении\r\n												14 дней со дня покупки, не объясняя причин, если:</p>\r\n\r\n											<ul>\r\n												<li>Нету следов стирки и носки</li>\r\n												<li>Товар без повреждений и в таком виде, как Вы получили при покупке</li>\r\n												<li>Все бирки и ярлычки на месте\r\n												</li>\r\n											</ul>\r\n										</div>\r\n									</div>\r\n								</div>\r\n							</div>\r\n							<div class="col">\r\n								<div class="col__i">\r\n									<img src="/img/demo/return.jpg" alt=""/>\r\n								</div>\r\n							</div>\r\n						</div>\r\n					</div>\r\n\r\n				</div>\r\n			</div>\r\n		</section>\r\n\r\n		<section id="wr3" class="content">\r\n			<div class="wrap">\r\n				<div class="content__i">\r\n\r\n					<h2 class="warranty-title"><span>Гарантия ответственности</span></h2>\r\n\r\n					<div class="warranty-info">\r\n						<div class="warranty-info__i">\r\n							<div class="col">\r\n								<div class="col__i">\r\n									<img src="/img/demo/warr2.jpg" alt=""/>\r\n								</div>\r\n							</div>\r\n							<div class="col">\r\n								<div class="col__i">\r\n									<div class="text">\r\n										<div class="text__i">\r\n											<ul>\r\n\r\n												<li> Перед отправкой, ответственный менеджер проверяет каждую\r\n													единицу одежды ТМ Sirius на:\r\n\r\n													<ul>\r\n														<li>Соответствие цвета и принта заказанному</li>\r\n														<li> Соответствию размера к заказанному</li>\r\n														<li>Отсутствие повреждений и дефектов</li>\r\n													</ul>\r\n												</li>\r\n\r\n												<li>Обязательно проверяется наличие всех заказанных позиций.</li>\r\n												<li>Ваш заказ складывают бережно, с душой и любовью!</li>\r\n\r\n											</ul>\r\n										</div>\r\n									</div>\r\n								</div>\r\n							</div>\r\n						</div>\r\n					</div>\r\n\r\n				</div>\r\n			</div>\r\n		</section>\r\n\r\n		<section id="wr4" class="content">\r\n			<div class="wrap">\r\n				<div class="content__i">\r\n\r\n					<h2 class="warranty-title"><span>ТМ Sirius - круглосуточные покупки</span></h2>\r\n\r\n					<div class="warranty-info">\r\n						<div class="warranty-info__i">\r\n							<div class="col">\r\n								<div class="col__i">\r\n									<div class="text">\r\n										<div class="text__i">\r\n\r\n											<ul>\r\n												<li>Сайт доступен 24 часа в сутки и 7 дней в неделю</li>\r\n												<li>Вы гарантированно можете в любое время выбрать нужный Вам\r\n													товар и купить его\r\n												</li>\r\n												<li>Даже если Вы совершите заказ среди ночи – его утром обработают в\r\n													ближайший рабочий день, свяжутся с Вами и отправят при первой\r\n													же отправке заказов!\r\n												</li>\r\n											</ul>\r\n\r\n										</div>\r\n									</div>\r\n								</div>\r\n							</div>\r\n							<div class="col">\r\n								<div class="col__i">\r\n									<img src="/img/demo/warr3.jpg" alt=""/>\r\n								</div>\r\n							</div>\r\n						</div>\r\n					</div>\r\n\r\n				</div>\r\n			</div>\r\n		</section>\r\n\r\n		<section id="wr5" class="content">\r\n			<div class="wrap">\r\n				<div class="content__i">\r\n\r\n					<h2 class="warranty-title"><span>Гарантия лучшей цены от производителя</span></h2>\r\n\r\n					<div class="warranty-info">\r\n						<div class="warranty-info__i">\r\n							<div class="col">\r\n								<div class="col__i">\r\n									<img src="/img/demo/warr4.jpg" alt=""/>\r\n								</div>\r\n							</div>\r\n							<div class="col">\r\n								<div class="col__i">\r\n									<div class="text">\r\n										<div class="text__i">\r\n\r\n											<ul>\r\n\r\n												<li> Мы, являясь производителем всего ассортимента продукции, даем\r\n													самую низкую цену на все, что производится ТМ Sirius\r\n												</li>\r\n\r\n												<li>Мы постоянно следим за ценами дистрибьюторов и продавцов\r\n													нашей продукции\r\n												</li>\r\n\r\n											</ul>\r\n										</div>\r\n									</div>\r\n								</div>\r\n							</div>\r\n						</div>\r\n					</div>\r\n\r\n				</div>\r\n			</div>\r\n		</section>\r\n\r\n		<section id="wr6" class="content">\r\n			<div class="wrap">\r\n				<div class="content__i">\r\n\r\n					<h2 class="warranty-title"><span>Гарантия безопасности</span></h2>\r\n\r\n					<div class="warranty-info">\r\n						<div class="warranty-info__i">\r\n							<div class="col">\r\n								<div class="col__i">\r\n									<div class="text">\r\n										<div class="text__i">\r\n											<p>Мы гарантируем, что все данные, предоставленные нам в процессе\r\n												регистрации на сайте ТМ Sirius, покупки и доставки:</p>\r\n											<ul>\r\n												<li>Не будут переданы третьей стороне</li>\r\n												<li>Не будут использованы более ни для какой цели, кроме процесса\r\n													совершения покупки, отправки и доставки заказа для Вас\r\n												</li>\r\n												<li>Не могут быть получены злоумышленниками никаким путем, все\r\n													данные на надежном замке!\r\n												</li>\r\n											</ul>\r\n										</div>\r\n									</div>\r\n								</div>\r\n							</div>\r\n							<div class="col">\r\n								<div class="col__i">\r\n									<img src="/img/demo/warr5.jpg" alt=""/>\r\n								</div>\r\n							</div>\r\n						</div>\r\n					</div>\r\n\r\n				</div>\r\n			</div>\r\n		</section>\r\n\r\n		<section id="wr7" class="content">\r\n			<div class="wrap">\r\n				<div class="content__i">\r\n\r\n					<h2 class="warranty-title"><span>Гарантия удобности одежды</span></h2>\r\n\r\n					<div class="warranty-info">\r\n						<div class="warranty-info__i">\r\n							<div class="col">\r\n								<div class="col__i">\r\n									<img src="/img/demo/warr6.jpg" alt=""/>\r\n								</div>\r\n							</div>\r\n							<div class="col">\r\n								<div class="col__i">\r\n									<div class="text">\r\n										<div class="text__i">\r\n											<ul>\r\n\r\n												<li> Одежда TM Sirius создана специально для женщин и спорта\r\n												</li>\r\n\r\n												<li>Мы гарантируем, что в нашей одежде заниматься спортом удобно и\r\n													комфортно\r\n												</li>\r\n												<li>Выбирая одежду для спорта ТМ Sirius, Вы становитесь на капельку\r\n													радостнее и счастливые, а это не купить ни за какие деньги!</li>\r\n\r\n											</ul>\r\n										</div>\r\n									</div>\r\n								</div>\r\n							</div>\r\n						</div>\r\n					</div>\r\n\r\n				</div>\r\n			</div>\r\n		</section>\r\n	</div>', 'Гарантия', 'Гарантия', 'Гарантия', '2015-11-23 06:37:02', '2016-04-01 07:38:05'),
(3, 'О нас', 'about-us', 'О нас', '<div class="static-content-wrap static-content-wrap_about">\r\n        <section class="content">\r\n            <div class="wrap">\r\n                <div class="content__i">\r\n                    <div class="warranty-info">\r\n                        <div class="warranty-info__i">\r\n                            <div class="bg-text bg-text_white" style="background-image: url(''/img/demo/about1.jpg'')">\r\n                                <div class="bg-text__i">\r\n                                    <div class="text">\r\n                                        <p>Швейная фабрика торговой марки Sirius <br/>\r\n                                            производит качественную женскую спортивную одежду</p>\r\n\r\n                                        <p>Довершенный ассортимент покрывает все потребности <br/>\r\n                                            в верхней и нижней одежде для спорта и досуга</p>\r\n                                    </div>\r\n                                </div>\r\n                            </div>\r\n                        </div>\r\n                    </div>\r\n\r\n                    <h2 class="warranty-title"><span>Что качественно отличает продукцию TM Sirius от всей остальной</span></h2>\r\n\r\n\r\n                    <div class="warranty-info">\r\n                        <div class="warranty-info__i">\r\n                            <div class="col">\r\n                                <div class="col__i">\r\n                                    <img src="/img/demo/about2.jpg" alt=""/>\r\n                                </div>\r\n                            </div>\r\n                            <div class="col">\r\n                                <div class="col__i">\r\n                                    <div class="text">\r\n                                        <div class="text__i">\r\n\r\n                                            <ul>\r\n                                                <li> Вся продукция ТМ Sirius сертифицирована, отвечает основным и\r\n                                                    дополнительным стандартам качества, а также имеет множество\r\n                                                    наград</li>\r\n                                                <li>Вся наша одежда проходит обязательное тестирование на\r\n                                                    экологичность, качественность швов и пошива, соответствию\r\n                                                    требованиям к спортивной одежде, отсутствие токсинов и прочих\r\n                                                    вредных веществ</li>\r\n                                                <li>Продукция признана ведущими спортсменами страны удобной и\r\n                                                    оптимально подходящей одеждой для занятия спортом</li>\r\n                                                <li> Для производства одежды фабрика использует ТОЛЬКО качественные\r\n                                                    материалы, которые являются по соотношению цена-качество одними\r\n                                                    из лучших в мире!</li>\r\n                                            </ul>\r\n\r\n                                        </div>\r\n                                    </div>\r\n                                </div>\r\n                            </div>\r\n\r\n\r\n\r\n                        </div>\r\n                    </div>\r\n\r\n\r\n                </div>\r\n            </div>\r\n        </section>\r\n\r\n        <section class="content">\r\n            <div class="wrap">\r\n                <div class="content__i">\r\n\r\n                    <h2 class="warranty-title"><span>Что качественно отличает продукцию TM Sirius от всей остальной</span></h2>\r\n\r\n\r\n                    <div class="warranty-info">\r\n                        <div class="warranty-info__i">\r\n\r\n                            <div class="col">\r\n                                <div class="col__i">\r\n                                    <div class="text">\r\n                                        <div class="text__i">\r\n\r\n                                            <ul>\r\n                                                <li>Вы, как покупатель нашей продукции, получаете одежду TM Sirius по\r\n                                                    лучшей цене, ведь мы являемся ее производителем</li>\r\n                                                <li>Кроме выгодной цены на весь ассортимент продукции текстильной\r\n                                                    фабрики Sirius, у нас есть динамическая дисконтная программа для\r\n                                                    покупателей – чем больше покупок, тем выше Ваша скидка и\r\n                                                    интереснее условия!</li>\r\n                                                <li>Наиболее полный ассортимент продукции TM Sirius именно у нас,\r\n                                                    дистрибьюторы далеко не всегда имеют в наличии все наши товары</li>\r\n                                                <li>Только у нас можно купить новинки первым!</li>\r\n                                            </ul>\r\n\r\n                                        </div>\r\n                                    </div>\r\n                                </div>\r\n                            </div>\r\n                            <div class="col">\r\n                                <div class="col__i">\r\n                                    <img src="/img/demo/about3.jpg" alt=""/>\r\n                                </div>\r\n                            </div>\r\n\r\n\r\n                        </div>\r\n                    </div>\r\n\r\n\r\n                </div>\r\n            </div>\r\n        </section>\r\n\r\n        <section class="content">\r\n            <div class="wrap">\r\n                <div class="content__i">\r\n\r\n                    <h2 class="warranty-title"><span>Что мы предлагаем оптовым Партнерам</span></h2>\r\n\r\n\r\n                    <div class="warranty-info">\r\n                        <div class="warranty-info__i">\r\n                            <div class="col">\r\n                                <div class="col__i">\r\n                                    <img src="/img/demo/about4.jpg" alt=""/>\r\n                                </div>\r\n                            </div>\r\n                            <div class="col">\r\n                                <div class="col__i">\r\n                                    <div class="text">\r\n                                        <div class="text__i">\r\n\r\n                                            <ul>\r\n                                                <li>Выгодные оптовые цены как для Вас, так и для нас</li>\r\n                                                <li>Серьезный ассортимент качественной одежды</li>\r\n                                                <li>Динамическая система скидок при крупных заказах</li>\r\n                                                <li>Своевременное обновление и предоставление прайсов</li>\r\n                                                <li>Высококвалифицированных персональных менеджеров по работе с\r\n                                                    Вашими заказами</li>\r\n                                                <li>Даже для оптовых покупателей у нас возможность бесплатной\r\n                                                    доставки при определенных условиях!</li>\r\n                                            </ul>\r\n\r\n                                        </div>\r\n                                    </div>\r\n                                </div>\r\n                            </div>\r\n\r\n\r\n\r\n                        </div>\r\n                    </div>\r\n\r\n\r\n                </div>\r\n            </div>\r\n        </section>\r\n\r\n        <section class="content">\r\n            <div class="wrap">\r\n                <div class="content__i">\r\n\r\n                    <h2 class="warranty-title"><span>Спортивный бренд Sirius в цифрах</span></h2>\r\n\r\n\r\n                    <div class="warranty-info">\r\n                        <div class="warranty-info__i">\r\n\r\n                            <div class="col">\r\n                                <div class="col__i">\r\n                                    <div class="text">\r\n                                        <div class="text__i">\r\n\r\n                                            <ul>\r\n                                                <li><strong>153500</strong> единиц качественной продукции выпущено в этом году</li>\r\n                                                <li><strong>115</strong> работников-профессионалов работают в ТМ Sirius, чтобы\r\n                                                    предоставить Вам абсолютно качественную одежду</li>\r\n                                                <li><strong>61458</strong> человек уже тренируются и отдыхают в одежде,\r\n                                                    созданной нами</li>\r\n                                                <li><strong>179</strong> заказов с нашего интернет-магазина отправлено в этом месяце</li>\r\n\r\n                                            </ul>\r\n\r\n                                        </div>\r\n                                    </div>\r\n                                </div>\r\n                            </div>\r\n\r\n                            <div class="col">\r\n                                <div class="col__i">\r\n                                    <img src="/img/demo/about5.jpg" alt=""/>\r\n                                </div>\r\n                            </div>\r\n\r\n                        </div>\r\n                    </div>\r\n\r\n\r\n                </div>\r\n            </div>\r\n        </section>\r\n\r\n        <section class="content">\r\n            <div class="wrap">\r\n                <div class="content__i">\r\n\r\n                    <h2 class="warranty-title"><span>Гарантируем, как производитель</span></h2>\r\n\r\n\r\n                    <div class="warranty-info">\r\n                        <div class="warranty-info__i">\r\n\r\n                            <div class="col">\r\n                                <div class="col__i">\r\n                                    <img src="/img/demo/about6.jpg" alt=""/>\r\n                                </div>\r\n                            </div>\r\n                            <div class="col">\r\n                                <div class="col__i">\r\n                                    <div class="text">\r\n                                        <div class="text__i">\r\n\r\n                                            <ul>\r\n                                                <li>Весь товар проходит двойную проверку – сначала на всех этапах\r\n                                                    производства на фабрике, и вторую – при отправке покупателям</li>\r\n                                                <li>Вы гарантированно можете обменять или вернуть товар в течении\r\n                                                    14 дней со дня покупки</li>\r\n                                                <li>Вы гарантированно можете в любое время, 24 часа в сутки и 7 дней в\r\n                                                    неделю, выбрать нужный Вам товар на нашем сайте и сделать заказ</li>\r\n                                                <li>Мы гарантируем, что в нашей одежде заниматься спортом удобно и\r\n                                                    комфортно</li>\r\n\r\n                                            </ul>\r\n\r\n                                        </div>\r\n                                    </div>\r\n                                </div>\r\n                            </div>\r\n\r\n\r\n\r\n                        </div>\r\n                    </div>\r\n\r\n\r\n                </div>\r\n            </div>\r\n        </section>\r\n\r\n    </div>', 'О нас', 'О нас', 'О нас', '2015-11-23 06:37:02', '2016-04-01 07:15:57'),
(4, 'Доставка и оплата', 'shipping-and-payment', 'Доставка и оплата', '<div class="static-content-wrap">\r\n		<section class="content">\r\n			<div class="wrap">\r\n				<div class="content__i">\r\n					<div class="page-control">\r\n						<div class="page-control__i">\r\n							<table>\r\n								<tr>\r\n									<td><a class="scroll-to" href="#wr1">\r\n										Бесплатная доставка\r\n									</a></td>\r\n									<td><a class="scroll-to" href="#wr2">\r\n										Доставка розничных <br/>\r\n										заказов по Украине\r\n									</a></td>\r\n									<td><a class="scroll-to" href="#wr3">\r\n										Способы оплаты заказа\r\n									</a></td>\r\n									<td><a class="scroll-to" href="#wr4">\r\n										Условия оплаты и доставки <br/>\r\n										для оптовых покупателей\r\n									</a></td>\r\n								</tr>\r\n							</table>\r\n						</div>\r\n					</div>\r\n				</div>\r\n			</div>\r\n		</section>\r\n		<section id="wr1" class="content">\r\n			<div class="wrap">\r\n				<div class="content__i">\r\n					<div class="warranty-info">\r\n						<div class="warranty-info__i">\r\n							<div class="col">\r\n								<div class="col__i">\r\n									<img src="/img/demo/d1.jpg" alt=""/>\r\n								</div>\r\n							</div>\r\n							<div class="col">\r\n								<div class="col__i">\r\n									<div class="text">\r\n										<div class="text__i">\r\n											<h4>\r\n												Чтобы сделать Ваши покупки\r\n												максимально <strong>удобными</strong> и <strong>быстрыми</strong>,\r\n												мы предоставляем на Ваш выбор\r\n												несколько способов <strong>доставки</strong> и <strong>оплаты</strong>.\r\n\r\n											</h4>\r\n										</div>\r\n									</div>\r\n								</div>\r\n							</div>\r\n						</div>\r\n					</div>\r\n				</div>\r\n			</div>\r\n		</section>\r\n		<section id="wr2" class="content">\r\n			<div class="wrap">\r\n				<div class="content__i">\r\n					<h2 class="warranty-title"><span>Бесплатная доставка</span></h2>\r\n					<div class="warranty-info">\r\n						<div class="warranty-info__i">\r\n							<div class="bg-text" style="background-image: url(''img/demo/d2.jpg'')">\r\n								<div class="bg-text__i">\r\n									<div class="text">\r\n										<p>Сделайте заказ на сумму от 5 000 гривен <br/>\r\n											и гарантированно получите бесплатную доставку!</p>\r\n\r\n										<p>Для оптовых покупателей<br/>\r\n											бесплатная доставка при заказе от 20 000 гривен</p>\r\n									</div>\r\n								</div>\r\n							</div>\r\n						</div>\r\n					</div>\r\n				</div>\r\n			</div>\r\n		</section>\r\n		<section id="wr3" class="content">\r\n			<div class="wrap">\r\n				<div class="content__i">\r\n					<h2 class="warranty-title"><span>Доставка розничных заказов по Украине</span></h2>\r\n					<div class="warranty-info">\r\n						<div class="warranty-info__i">\r\n							<div class="item">\r\n								<div class="item__i">\r\n									<div class="img">\r\n										<img src="/img/demo/d3.jpg" alt=""/>\r\n									</div>\r\n									<div class="text">\r\n										<div class="text__i">\r\n											<p>Доставка заказов в интернет-магазине Sirius\r\n												осуществляется службой доставки Новая Почта</p>\r\n										</div>\r\n									</div>\r\n								</div>\r\n							</div>\r\n							<div class="item">\r\n								<div class="item__i">\r\n									<div class="img pb10">\r\n										<img src="/img/demo/d3-1.jpg" alt=""/>\r\n									</div>\r\n									<div class="text">\r\n										<div class="text__i">\r\n											<p>Срок доставки заказов по Украине от 1 до 3 дней (зависит от удаленности населенного пункта, откуда сделан заказ)</p>\r\n										</div>\r\n									</div>\r\n								</div>\r\n							</div>\r\n							<div class="item">\r\n								<div class="item__i">\r\n									<div class="img">\r\n										<img src="/img/demo/d4.jpg" alt=""/>\r\n									</div>\r\n									<div class="text">\r\n										<div class="text__i">\r\n											<p>Стоимость доставки зависит от веса и габаритов Вашего заказа, в среднем по нашему опыту\r\n												варьируется от 35 до 65 гривен</p>\r\n										</div>\r\n									</div>\r\n								</div>\r\n							</div>\r\n						</div>\r\n					</div>\r\n				</div>\r\n			</div>\r\n		</section>\r\n		<section id="wr4" class="content">\r\n			<div class="wrap">\r\n				<div class="content__i">\r\n					<h2 class="warranty-title"><span>Способы оплаты заказа</span></h2>\r\n					<div class="warranty-info warranty-info_3">\r\n						<div class="warranty-info__i">\r\n							<div class="item">\r\n								<div class="item__i">\r\n									<div class="img pt35">\r\n										<img src="/img/demo/d5.png" alt=""/>\r\n									</div>\r\n									<div class="text">\r\n										<div class="text__i">\r\n											<p>С помощью банковской карты онлайн через сайт Приват24, без дополнительных комиссий</p>\r\n										</div>\r\n									</div>\r\n								</div>\r\n							</div>\r\n							<div class="item">\r\n								<div class="item__i">\r\n									<div class="img">\r\n										<img src="/img/demo/d6.png" alt=""/>\r\n									</div>\r\n									<div class="text">\r\n										<div class="text__i">\r\n											<p>С помощью банковской карты через терминалы\r\n												самообслуживания, без дополнительных комиссий</p>\r\n										</div>\r\n									</div>\r\n								</div>\r\n							</div>\r\n							<div class="item">\r\n								<div class="item__i">\r\n									<div class="img pt20 pb50">\r\n										<img src="/img/demo/d7.jpg" alt=""/>\r\n									</div>\r\n									<div class="text">\r\n										<div class="text__i">\r\n											<p>Наложенным платежом, при получении товара\r\n												отделении Новой Почты</p>\r\n										</div>\r\n									</div>\r\n								</div>\r\n							</div>\r\n						</div>\r\n					</div>\r\n				</div>\r\n			</div>\r\n		</section>\r\n		<section id="wr5" class="content">\r\n			<div class="wrap">\r\n				<div class="content__i">\r\n					<h2 class="warranty-title"><span>Условия оплаты и доставки для оптовых покупателей</span></h2>\r\n					<div class="warranty-info warranty-info_cashback">\r\n						<div class="warranty-info__i">\r\n							<div class="col">\r\n								<div class="col__i">\r\n									<img src="/img/demo/d8.jpg" alt=""/>\r\n								</div>\r\n							</div>\r\n							<div class="col">\r\n								<div class="col__i">\r\n									<div class="text">\r\n										<div class="text__i">\r\n											<p>Для уточнения информации по оплате и доставке оптовых заказов обращайтесь в оптовый отдел по следующим контактам:</p>\r\n											<br/>\r\n											<br/>\r\n											<div class="contact-info">\r\n												<ul>\r\n													<li><i class="icon icon-phone-blue"></i>+38 067 9000 544\r\n													</li>\r\n													<li><i class="icon icon-email-blue"></i><a href="mailto:sirius.emarket@gmail.com">sirius.emarket@gmail.com</a></li>\r\n												</ul>\r\n											</div>\r\n										</div>\r\n									</div>\r\n								</div>\r\n							</div>\r\n						</div>\r\n					</div>\r\n				</div>\r\n			</div>\r\n		</section>\r\n	</div>', 'Доставка и оплата', 'Доставка и оплата', 'Доставка и оплата', '2015-11-23 06:37:02', '2016-04-01 08:12:07');

-- --------------------------------------------------------

--
-- Dumping data for table `site_params`
--

INSERT INTO `site_params` (`id`, `param_name`, `param_value`, `active`, `editor`) VALUES
(1, 'email', 'sirius@mail.com', 1, 0),
(2, 'phone1', '+38 065 325 65 32', 1, 0),
(3, 'phone2', '+38 056 356 35 36', 1, 0),
(4, 'phone3', '+38 099 000 39 88', 1, 0),
(5, 'copyright', '&copy; 2016, Sirius - женская спортивная одежда', 1, 0),
(6, 'fb_link', 'https://ru-ru.facebook.com/people/Sportwear-Sirius/100010135187519', 1, 0),
(7, 'vk_link', 'http://vk.com/sirius_sport', 1, 0),
(8, 'gp_link', 'https://plus.google.com/u/0/112198292170737630961/about', 1, 0),
(9, 'delivery', '<ul>\n	<li>&mdash; Доставка на склад Новой Почты: <strong>35 грн.</strong><br />\n	Срок доставки 1-2 дня</li>\n	<li>&mdash; Доставка курьером: <strong>бесплатно</strong><br />\n	Срок доставки 1-2 дня</li>\n	<li>&mdash; Адресная доставка Новой Почтой: <strong>70 грн.</strong><br />\n	Срок доставки 1-2 дня</li>\n</ul>', 1, 1),
(10, 'payment', '<ul>\r\n	<li>&mdash; наличными при получении товара</li>\r\n	<li>&mdash; безналичная оплата</li>\r\n	<li>&mdash; картой VISA</li>\r\n</ul>', 1, 1),
(11, 'guarantee', '<p>Обмен или возврат в течение 14 дней.</p>', 1, 1);

-- --------------------------------------------------------

--
-- Dumping data for table `users`
--

INSERT INTO `users` (`id`, `username`, `email`, `password`, `create_time`, `update_time`, `username_canonical`, `email_canonical`, `enabled`, `salt`, `last_login`, `locked`, `expired`, `expires_at`, `confirmation_token`, `password_requested_at`, `roles`, `credentials_expired`, `credentials_expire_at`, `uid`, `fio`, `phone`) VALUES
(1, 'admin', 'linux0uid@gmail.com', '$2y$13$ct0hjeqwjeo0k0gwc0ogweLgRGynlnhjVToNtrf3OkujmFmL/Y1wK', '2015-11-24 13:30:47', '2015-11-24 13:30:57', 'admin', 'linux0uid@gmail.com', 1, 'ct0hjeqwjeo0k0gwc0ogwswc0cs0s4c', NULL, 0, 0, NULL, NULL, NULL, 'a:1:{i:0;s:16:"ROLE_SUPER_ADMIN";}', 0, NULL, NULL, NULL, NULL);

-- --------------------------------------------------------

--
-- Dumping data for table `vendors`
--

INSERT INTO `vendors` (`id`, `name`, `priority`, `description`, `create_time`, `update_time`) VALUES
(1, 'Micaela Strosin', 14, 'Est placeat rerum ut et enim ex. Facere sunt quia delectus aut nam et eum. Fugit repellendus illo veritatis.', '2015-11-23 08:37:09', '2015-11-23 08:37:09'),
(2, 'yugcontract', 15, 'Fugiat nemo omnis consequatur. Qui cupiditate eos quod veritatis vel optio provident non. Magnam molestias et quibusdam et. Quo voluptatum quia ipsum.', '2015-11-23 08:37:09', '2015-11-30 12:47:05'),
(3, 'Lavonne Collins', 10, 'Non voluptas fuga non autem. Non explicabo et neque itaque ex quaerat ut aut. Consequatur non rerum in cupiditate voluptas molestiae fuga. Cum non qui quaerat cupiditate incidunt id sunt.', '2015-11-23 08:37:09', '2015-11-23 08:37:09'),
(4, 'Miss Kira Walter DDS', 14, 'Qui doloremque aperiam qui rerum accusamus beatae. Enim et doloribus voluptatibus perspiciatis. Sapiente quia suscipit doloribus.', '2015-11-23 08:37:09', '2015-11-23 08:37:09'),
(5, 'Kamryn Franecki', 13, 'Voluptatem quibusdam ad in maiores nisi. Quibusdam sapiente quia recusandae aut. Laboriosam sint enim reiciendis quod.', '2015-11-23 08:37:09', '2015-11-23 08:37:09');

-- --------------------------------------------------------

--
-- Dumping data for table `product_colors`
--

INSERT INTO `product_colors` (`id`, `name`, `hex`, `create_time`, `update_time`) VALUES
(1, 'none', 'none', '2015-12-01 16:58:38', '2015-12-01 16:58:38');

-- --------------------------------------------------------



--
-- Dumping data for table `product_colors`
--

INSERT INTO `order_status` (`id`,`name`,`code`,`description`,`base_flag`,`priority`,`send_client`,`send_manager`,`active`,`send_client_text`,`send_manager_text`) VALUES (1,'Новый','new',NULL,1,1,0,0,NULL,NULL,NULL);
INSERT INTO `order_status` (`id`,`name`,`code`,`description`,`base_flag`,`priority`,`send_client`,`send_manager`,`active`,`send_client_text`,`send_manager_text`) VALUES (2,'Принят','accepted',NULL,1,2,0,0,NULL,NULL,NULL);
INSERT INTO `order_status` (`id`,`name`,`code`,`description`,`base_flag`,`priority`,`send_client`,`send_manager`,`active`,`send_client_text`,`send_manager_text`) VALUES (3,'Ожидание','wait','',1,3,0,0,NULL,NULL,NULL);
INSERT INTO `order_status` (`id`,`name`,`code`,`description`,`base_flag`,`priority`,`send_client`,`send_manager`,`active`,`send_client_text`,`send_manager_text`) VALUES (4,'Сформировано','formed','',1,4,0,0,NULL,NULL,NULL);
INSERT INTO `order_status` (`id`,`name`,`code`,`description`,`base_flag`,`priority`,`send_client`,`send_manager`,`active`,`send_client_text`,`send_manager_text`) VALUES (5,'Ожидает отправки','waiting_for_departure',NULL,1,5,0,0,NULL,NULL,NULL);
INSERT INTO `order_status` (`id`,`name`,`code`,`description`,`base_flag`,`priority`,`send_client`,`send_manager`,`active`,`send_client_text`,`send_manager_text`) VALUES (6,'Отправлено','sent',NULL,1,6,0,0,NULL,NULL,NULL);
INSERT INTO `order_status` (`id`,`name`,`code`,`description`,`base_flag`,`priority`,`send_client`,`send_manager`,`active`,`send_client_text`,`send_manager_text`) VALUES (7,'Отменено','canceled',NULL,1,7,0,0,NULL,NULL,NULL);
INSERT INTO `order_status` (`id`,`name`,`code`,`description`,`base_flag`,`priority`,`send_client`,`send_manager`,`active`,`send_client_text`,`send_manager_text`) VALUES (8,'Исполнено','done','',1,8,0,0,NULL,NULL,NULL);

-- --------------------------------------------------------
